{"MSE_train": [0.027932744473218918, 0.02880573831498623, 0.02976342849433422, 0.028096526861190796], "MAE_train": [0.10509520024061203, 0.10878270864486694, 0.11526127904653549, 0.11049839109182358], "MAPE_train": [307.9882507324219, 309.98760986328125, 325.17828369140625, 323.268798828125], "MSE_val": [0.0343405120074749, 0.037586506456136703, 0.037704095244407654, 0.035638514906167984], "MAE_val": [0.12316112965345383, 0.12901778519153595, 0.13397574424743652, 0.1287585198879242], "MAPE_val": [103.11553955078125, 109.94114685058594, 108.03069305419922, 105.01355743408203]}