{"MSE_train": [0.023090340197086334], "MAE_train": [0.09990735352039337], "MAPE_train": [147.8169403076172], "MSE_val": [0.027678219601511955], "MAE_val": [0.11250558495521545], "MAPE_val": [63.3262825012207]}