{"MSE_train": [0.027530571445822716, 0.02543826960027218, 0.021734915673732758], "MAE_train": [0.11263460665941238, 0.110899917781353, 0.10229910165071487], "MAPE_train": [534.7001342773438, 550.5745849609375, 385.7343444824219], "MSE_val": [0.053181637078523636, 0.05405831336975098, 0.04886702448129654], "MAE_val": [0.1568671017885208, 0.1588018834590912, 0.15224941074848175], "MAPE_val": [182.4273681640625, 185.06210327148438, 188.8717498779297]}