{"MSE_train": [0.02543974295258522, 0.025950174778699875, 0.025357985869050026, 0.015335074625909328, 0.026520077139139175, 0.024744510650634766, 0.02288619428873062, 0.023813944309949875, 0.024367814883589745, 0.02580896206200123, 0.024215448647737503, 0.02111860178411007, 0.024525586515665054, 0.02275698259472847, 0.014653636142611504, 0.01396364625543356, 0.01015055738389492, 0.025936776772141457, 0.026019129902124405, 0.012766451574862003, 0.014006735756993294, 0.011937781237065792, 0.018175290897488594], "MAE_train": [0.09636154770851135, 0.09946419298648834, 0.09789479523897171, 0.08151063323020935, 0.10231058299541473, 0.0989430770277977, 0.09417770802974701, 0.0950261652469635, 0.10038462281227112, 0.10261841863393784, 0.096420057117939, 0.09768455475568771, 0.09940175712108612, 0.09069230407476425, 0.0821135863661766, 0.08086197078227997, 0.07322083413600922, 0.11152470111846924, 0.10119426995515823, 0.08003678172826767, 0.08191349357366562, 0.07732351869344711, 0.08564447611570358], "MAPE_train": [185.90283203125, 195.93130493164062, 181.11184692382812, 150.01358032226562, 185.95228576660156, 175.09703063964844, 163.12973022460938, 176.43116760253906, 175.38247680664062, 177.1482391357422, 170.56092834472656, 158.7157440185547, 170.50042724609375, 168.38739013671875, 163.45407104492188, 151.04324340820312, 146.783203125, 230.79103088378906, 182.9824676513672, 161.98983764648438, 154.23048400878906, 159.2463836669922, 159.32244873046875], "MSE_val": [0.039916738867759705, 0.03941576927900314, 0.04103785753250122, 0.036465227603912354, 0.039991386234760284, 0.03563450276851654, 0.035332899540662766, 0.03289349004626274, 0.033344969153404236, 0.034142978489398956, 0.03418797254562378, 0.03369895741343498, 0.034427620470523834, 0.031742241233587265, 0.023496251553297043, 0.02094527892768383, 0.0240783728659153, 0.02425955981016159, 0.02593514882028103, 0.022674262523651123, 0.024379143491387367, 0.02106093429028988, 0.025640426203608513], "MAE_val": [0.12105803191661835, 0.12346843630075455, 0.12308381497859955, 0.11592692881822586, 0.12766724824905396, 0.11959034204483032, 0.1098681166768074, 0.11093098670244217, 0.11328959465026855, 0.11896347254514694, 0.1137724295258522, 0.11273219436407089, 0.11544495820999146, 0.10963375121355057, 0.1022307425737381, 0.09824911504983902, 0.0988537073135376, 0.1013324037194252, 0.10195310413837433, 0.09704731404781342, 0.09654580801725388, 0.09957984834909439, 0.0962015688419342], "MAPE_val": [1420.1280517578125, 1690.80712890625, 1631.8282470703125, 2000.300048828125, 1617.3795166015625, 1219.66015625, 788.0193481445312, 1270.539306640625, 1151.90380859375, 1339.7232666015625, 1233.3795166015625, 1292.4918212890625, 1251.798583984375, 1324.972412109375, 1296.6859130859375, 1443.3428955078125, 1297.691162109375, 1312.619384765625, 1667.5626220703125, 1235.8878173828125, 895.6612548828125, 1316.7381591796875, 979.4758911132812]}