{"MSE_train": [0.02543974295258522], "MAE_train": [0.09636154770851135], "MAPE_train": [185.90283203125], "MSE_val": [0.039916738867759705], "MAE_val": [0.12105803191661835], "MAPE_val": [1420.1280517578125]}