{"MSE_train": [0.027530571445822716, 0.02543826960027218, 0.021734915673732758, 0.021693818271160126, 0.021886950358748436], "MAE_train": [0.11263460665941238, 0.110899917781353, 0.10229910165071487, 0.10338898748159409, 0.10238691419363022], "MAPE_train": [534.7001342773438, 550.5745849609375, 385.7343444824219, 501.7423400878906, 336.4292297363281], "MSE_val": [0.053181637078523636, 0.05405831336975098, 0.04886702448129654, 0.046884480863809586, 0.04774012044072151], "MAE_val": [0.1568671017885208, 0.1588018834590912, 0.15224941074848175, 0.1527727097272873, 0.1504533588886261], "MAPE_val": [182.4273681640625, 185.06210327148438, 188.8717498779297, 169.77642822265625, 183.10574340820312]}