{"MSE_train": [0.017585989087820053, 0.017101719975471497, 0.016707736998796463, 0.016116321086883545], "MAE_train": [0.08963357657194138, 0.08976353704929352, 0.088422492146492, 0.08626250922679901], "MAPE_train": [205.79051208496094, 206.79364013671875, 219.6925048828125, 206.7485809326172], "MSE_val": [0.0236447025090456, 0.02241344004869461, 0.021932771429419518, 0.022374475374817848], "MAE_val": [0.10145116597414017, 0.10036959499120712, 0.09980911016464233, 0.1011868268251419], "MAPE_val": [85.63941192626953, 90.36174011230469, 82.0740966796875, 83.18328094482422]}