{"MSE_train": [0.016827523708343506, 0.01529780775308609, 0.015283294022083282, 0.009310416877269745, 0.01708393543958664, 0.012994791381061077, 0.014733151532709599, 0.014424895867705345, 0.01573365181684494], "MAE_train": [0.07568812370300293, 0.07703646272420883, 0.07973460853099823, 0.06834545731544495, 0.08279826492071152, 0.0808521956205368, 0.08022353798151016, 0.07872450351715088, 0.08019838482141495], "MAPE_train": [118.00706481933594, 152.98226928710938, 171.8804473876953, 146.33804321289062, 165.8986358642578, 158.47377014160156, 167.02151489257812, 174.55287170410156, 143.074951171875], "MSE_val": [0.026337092742323875, 0.02472841553390026, 0.024352043867111206, 0.02031237632036209, 0.02512698620557785, 0.024214275181293488, 0.025035154074430466, 0.025248698890209198, 0.026028312742710114], "MAE_val": [0.09874831885099411, 0.10059060901403427, 0.09869696199893951, 0.10123330354690552, 0.10184994339942932, 0.10574369132518768, 0.10121768712997437, 0.10304190963506699, 0.10267718136310577], "MAPE_val": [92.82400512695312, 95.09539031982422, 93.70973205566406, 97.37305450439453, 95.75262451171875, 130.2988739013672, 87.45262145996094, 102.2231674194336, 87.19683074951172]}