{"MSE_train": [0.023090340197086334, 0.020952830091118813, 0.017147595062851906, 0.014667524956166744, 0.01371067762374878, 0.019825998693704605, 0.017670223489403725, 0.01428728923201561, 0.018880965188145638, 0.01774994097650051, 0.018308933824300766, 0.01588897593319416, 0.01628529094159603, 0.015881381928920746, 0.020441342145204544], "MAE_train": [0.09990735352039337, 0.09770909696817398, 0.09192167222499847, 0.087496317923069, 0.08501502871513367, 0.09385799616575241, 0.09246380627155304, 0.08847945183515549, 0.09553340077400208, 0.09327865391969681, 0.09560806304216385, 0.09110607206821442, 0.09358757734298706, 0.0889788269996643, 0.09756628423929214], "MAPE_train": [147.8169403076172, 158.16177368164062, 140.92984008789062, 139.3791961669922, 141.37828063964844, 153.31939697265625, 145.47494506835938, 142.79135131835938, 153.82749938964844, 157.26861572265625, 160.20338439941406, 137.70346069335938, 149.8480682373047, 141.8098907470703, 149.19168090820312], "MSE_val": [0.027678219601511955, 0.026616720482707024, 0.02386348508298397, 0.02572997286915779, 0.023915734142065048, 0.025793779641389847, 0.025321772322058678, 0.02511601336300373, 0.02691643126308918, 0.025661766529083252, 0.02808382175862789, 0.028608283028006554, 0.026860788464546204, 0.02750386856496334, 0.028574228286743164], "MAE_val": [0.11250558495521545, 0.1109330877661705, 0.10721202939748764, 0.10879404097795486, 0.10430774092674255, 0.10996702313423157, 0.10909493267536163, 0.11103318631649017, 0.1137562096118927, 0.10888336598873138, 0.11486071348190308, 0.11965453624725342, 0.11389365047216415, 0.11291748285293579, 0.11717056483030319], "MAPE_val": [63.3262825012207, 68.1246566772461, 63.94470977783203, 67.24697875976562, 63.79679489135742, 65.91161346435547, 64.18853759765625, 57.27408218383789, 64.53644561767578, 64.14694213867188, 66.24082946777344, 62.19230651855469, 63.39764404296875, 64.84429931640625, 63.62965393066406]}