{"MSE_train": [0.017585989087820053, 0.017101719975471497, 0.016707736998796463, 0.016116321086883545, 0.013205667026340961, 0.013964531943202019, 0.016833167523145676, 0.0173233263194561, 0.016285140067338943, 0.01684410311281681, 0.01177281979471445, 0.011379269883036613, 0.012417091988027096, 0.013451064936816692, 0.011668676510453224, 0.019117189571261406], "MAE_train": [0.08963357657194138, 0.08976353704929352, 0.088422492146492, 0.08626250922679901, 0.08200551569461823, 0.08276763558387756, 0.08713056892156601, 0.08876939117908478, 0.08706137537956238, 0.0888308510184288, 0.07874144613742828, 0.07715226709842682, 0.07994705438613892, 0.08221566677093506, 0.07727339118719101, 0.09422949701547623], "MAPE_train": [205.79051208496094, 206.79364013671875, 219.6925048828125, 206.7485809326172, 200.39739990234375, 199.0634002685547, 216.7023468017578, 222.66909790039062, 220.3285369873047, 229.0405731201172, 210.2900848388672, 206.53469848632812, 211.48341369628906, 210.74557495117188, 200.00799560546875, 224.8050537109375], "MSE_val": [0.0236447025090456, 0.02241344004869461, 0.021932771429419518, 0.022374475374817848, 0.022665077820420265, 0.020535219460725784, 0.022333286702632904, 0.022193580865859985, 0.02235386148095131, 0.023077256977558136, 0.0207748394459486, 0.020135430619120598, 0.020176315680146217, 0.020676705986261368, 0.01942741684615612, 0.02605634368956089], "MAE_val": [0.10145116597414017, 0.10036959499120712, 0.09980911016464233, 0.1011868268251419, 0.10358846932649612, 0.09903939813375473, 0.09858766943216324, 0.09922854602336884, 0.09947366267442703, 0.10184317827224731, 0.09983193129301071, 0.10062851011753082, 0.09951624274253845, 0.10021308064460754, 0.09492455422878265, 0.11045645922422409], "MAPE_val": [85.63941192626953, 90.36174011230469, 82.0740966796875, 83.18328094482422, 83.46382141113281, 97.67294311523438, 89.29071807861328, 88.80204010009766, 82.68315124511719, 83.83393859863281, 82.7220230102539, 81.22699737548828, 76.45931243896484, 79.18733215332031, 76.90261840820312, 76.23152923583984]}