{"MSE_train": [0.023090340197086334, 0.020952830091118813], "MAE_train": [0.09990735352039337, 0.09770909696817398], "MAPE_train": [147.8169403076172, 158.16177368164062], "MSE_val": [0.027678219601511955, 0.026616720482707024], "MAE_val": [0.11250558495521545, 0.1109330877661705], "MAPE_val": [63.3262825012207, 68.1246566772461]}