{"MSE_train": [0.023090340197086334, 0.020952830091118813, 0.017147595062851906, 0.014667524956166744, 0.01371067762374878, 0.019825998693704605, 0.017670223489403725], "MAE_train": [0.09990735352039337, 0.09770909696817398, 0.09192167222499847, 0.087496317923069, 0.08501502871513367, 0.09385799616575241, 0.09246380627155304], "MAPE_train": [147.8169403076172, 158.16177368164062, 140.92984008789062, 139.3791961669922, 141.37828063964844, 153.31939697265625, 145.47494506835938], "MSE_val": [0.027678219601511955, 0.026616720482707024, 0.02386348508298397, 0.02572997286915779, 0.023915734142065048, 0.025793779641389847, 0.025321772322058678], "MAE_val": [0.11250558495521545, 0.1109330877661705, 0.10721202939748764, 0.10879404097795486, 0.10430774092674255, 0.10996702313423157, 0.10909493267536163], "MAPE_val": [63.3262825012207, 68.1246566772461, 63.94470977783203, 67.24697875976562, 63.79679489135742, 65.91161346435547, 64.18853759765625]}