{"MSE_train": [0.027530571445822716], "MAE_train": [0.11263460665941238], "MAPE_train": [534.7001342773438], "MSE_val": [0.053181637078523636], "MAE_val": [0.1568671017885208], "MAPE_val": [182.4273681640625]}