{"MSE_train": [0.027252525091171265, 0.025993576273322105, 0.024325573816895485, 0.024127135053277016, 0.02324228733778, 0.023115482181310654, 0.02207212895154953, 0.017861559987068176], "MAE_train": [0.09909217059612274, 0.09566279500722885, 0.09638506174087524, 0.0972641259431839, 0.09565600007772446, 0.0923786386847496, 0.09228434413671494, 0.0851268544793129], "MAPE_train": [103.7549819946289, 103.14535522460938, 111.39067840576172, 109.74365234375, 104.89154052734375, 107.40637969970703, 105.53056335449219, 96.47224426269531], "MSE_val": [0.034113746136426926, 0.030320046469569206, 0.029676338657736778, 0.031204162165522575, 0.031075499951839447, 0.028384283185005188, 0.028614534065127373, 0.029511991888284683], "MAE_val": [0.12304272502660751, 0.11344146728515625, 0.11936170607805252, 0.12185736745595932, 0.12038559466600418, 0.11474984139204025, 0.1120116114616394, 0.11768963932991028], "MAPE_val": [128.44760131835938, 132.86404418945312, 139.6388397216797, 144.11900329589844, 146.52011108398438, 139.8318634033203, 140.525390625, 135.22576904296875]}