{"MSE_train": [0.023090340197086334, 0.020952830091118813, 0.017147595062851906, 0.014667524956166744], "MAE_train": [0.09990735352039337, 0.09770909696817398, 0.09192167222499847, 0.087496317923069], "MAPE_train": [147.8169403076172, 158.16177368164062, 140.92984008789062, 139.3791961669922], "MSE_val": [0.027678219601511955, 0.026616720482707024, 0.02386348508298397, 0.02572997286915779], "MAE_val": [0.11250558495521545, 0.1109330877661705, 0.10721202939748764, 0.10879404097795486], "MAPE_val": [63.3262825012207, 68.1246566772461, 63.94470977783203, 67.24697875976562]}