{"MSE_train": [0.027252525091171265], "MAE_train": [0.09909217059612274], "MAPE_train": [103.7549819946289], "MSE_val": [0.034113746136426926], "MAE_val": [0.12304272502660751], "MAPE_val": [128.44760131835938]}