{"MSE_train": [0.02543974295258522, 0.025950174778699875, 0.025357985869050026, 0.015335074625909328, 0.026520077139139175, 0.024744510650634766, 0.02288619428873062], "MAE_train": [0.09636154770851135, 0.09946419298648834, 0.09789479523897171, 0.08151063323020935, 0.10231058299541473, 0.0989430770277977, 0.09417770802974701], "MAPE_train": [185.90283203125, 195.93130493164062, 181.11184692382812, 150.01358032226562, 185.95228576660156, 175.09703063964844, 163.12973022460938], "MSE_val": [0.039916738867759705, 0.03941576927900314, 0.04103785753250122, 0.036465227603912354, 0.039991386234760284, 0.03563450276851654, 0.035332899540662766], "MAE_val": [0.12105803191661835, 0.12346843630075455, 0.12308381497859955, 0.11592692881822586, 0.12766724824905396, 0.11959034204483032, 0.1098681166768074], "MAPE_val": [1420.1280517578125, 1690.80712890625, 1631.8282470703125, 2000.300048828125, 1617.3795166015625, 1219.66015625, 788.0193481445312]}