{"MSE_train": [0.027252525091171265, 0.025993576273322105, 0.024325573816895485, 0.024127135053277016, 0.02324228733778, 0.023115482181310654, 0.02207212895154953, 0.017861559987068176, 0.02252548560500145, 0.02352106012403965, 0.021213600412011147, 0.021655039861798286, 0.02247086726129055, 0.022558188065886497, 0.019519800320267677, 0.019464008510112762, 0.02264256216585636, 0.02310267649590969, 0.022304372861981392, 0.018806200474500656, 0.02222113497555256, 0.019125092774629593, 0.025224342942237854, 0.022465042769908905], "MAE_train": [0.09909217059612274, 0.09566279500722885, 0.09638506174087524, 0.0972641259431839, 0.09565600007772446, 0.0923786386847496, 0.09228434413671494, 0.0851268544793129, 0.09194523096084595, 0.09516778588294983, 0.09138745814561844, 0.0916561484336853, 0.0928058847784996, 0.09232846647500992, 0.08821465075016022, 0.0873769223690033, 0.09346503019332886, 0.09438851475715637, 0.09213630855083466, 0.08902178704738617, 0.09207650274038315, 0.08694203943014145, 0.09884963184595108, 0.0949377715587616], "MAPE_train": [103.7549819946289, 103.14535522460938, 111.39067840576172, 109.74365234375, 104.89154052734375, 107.40637969970703, 105.53056335449219, 96.47224426269531, 103.2767105102539, 107.68456268310547, 102.29412841796875, 101.31777954101562, 105.4088363647461, 101.23998260498047, 95.31409454345703, 95.52578735351562, 107.21099090576172, 103.33958435058594, 106.09252166748047, 94.02759552001953, 105.48174285888672, 95.2652587890625, 115.51470184326172, 105.6453857421875], "MSE_val": [0.034113746136426926, 0.030320046469569206, 0.029676338657736778, 0.031204162165522575, 0.031075499951839447, 0.028384283185005188, 0.028614534065127373, 0.029511991888284683, 0.027756817638874054, 0.027635954320430756, 0.02891826070845127, 0.028392139822244644, 0.029700884595513344, 0.029279734939336777, 0.028407014906406403, 0.028811205178499222, 0.030889412388205528, 0.031205464154481888, 0.030071072280406952, 0.029494090005755424, 0.030352815985679626, 0.028610780835151672, 0.03099542297422886, 0.02982255443930626], "MAE_val": [0.12304272502660751, 0.11344146728515625, 0.11936170607805252, 0.12185736745595932, 0.12038559466600418, 0.11474984139204025, 0.1120116114616394, 0.11768963932991028, 0.11152252554893494, 0.11242460459470749, 0.11512940376996994, 0.11865630000829697, 0.11901093274354935, 0.11593488603830338, 0.12237594276666641, 0.12070771306753159, 0.1217174232006073, 0.12230150401592255, 0.11717883497476578, 0.12446074932813644, 0.1189579963684082, 0.1188226044178009, 0.11754066497087479, 0.12258394062519073], "MAPE_val": [128.44760131835938, 132.86404418945312, 139.6388397216797, 144.11900329589844, 146.52011108398438, 139.8318634033203, 140.525390625, 135.22576904296875, 138.43495178222656, 136.002197265625, 135.81484985351562, 142.2863311767578, 151.55035400390625, 146.0889129638672, 151.13172912597656, 152.56845092773438, 153.02001953125, 149.46646118164062, 147.91407775878906, 145.26690673828125, 149.98419189453125, 161.2479705810547, 152.55563354492188, 141.38108825683594]}