{"MSE_train": [0.017585989087820053], "MAE_train": [0.08963357657194138], "MAPE_train": [205.79051208496094], "MSE_val": [0.0236447025090456], "MAE_val": [0.10145116597414017], "MAPE_val": [85.63941192626953]}