{"MSE_train": [0.02543974295258522, 0.025950174778699875, 0.025357985869050026, 0.015335074625909328, 0.026520077139139175, 0.024744510650634766, 0.02288619428873062, 0.023813944309949875, 0.024367814883589745, 0.02580896206200123, 0.024215448647737503], "MAE_train": [0.09636154770851135, 0.09946419298648834, 0.09789479523897171, 0.08151063323020935, 0.10231058299541473, 0.0989430770277977, 0.09417770802974701, 0.0950261652469635, 0.10038462281227112, 0.10261841863393784, 0.096420057117939], "MAPE_train": [185.90283203125, 195.93130493164062, 181.11184692382812, 150.01358032226562, 185.95228576660156, 175.09703063964844, 163.12973022460938, 176.43116760253906, 175.38247680664062, 177.1482391357422, 170.56092834472656], "MSE_val": [0.039916738867759705, 0.03941576927900314, 0.04103785753250122, 0.036465227603912354, 0.039991386234760284, 0.03563450276851654, 0.035332899540662766, 0.03289349004626274, 0.033344969153404236, 0.034142978489398956, 0.03418797254562378], "MAE_val": [0.12105803191661835, 0.12346843630075455, 0.12308381497859955, 0.11592692881822586, 0.12766724824905396, 0.11959034204483032, 0.1098681166768074, 0.11093098670244217, 0.11328959465026855, 0.11896347254514694, 0.1137724295258522], "MAPE_val": [1420.1280517578125, 1690.80712890625, 1631.8282470703125, 2000.300048828125, 1617.3795166015625, 1219.66015625, 788.0193481445312, 1270.539306640625, 1151.90380859375, 1339.7232666015625, 1233.3795166015625]}