{"MSE_train": [0.016827523708343506, 0.01529780775308609, 0.015283294022083282, 0.009310416877269745, 0.01708393543958664, 0.012994791381061077, 0.014733151532709599, 0.014424895867705345, 0.01573365181684494, 0.013712390325963497, 0.01234179362654686, 0.016853054985404015, 0.011963916942477226, 0.012195076793432236, 0.016256120055913925, 0.015271862968802452, 0.011915898881852627], "MAE_train": [0.07568812370300293, 0.07703646272420883, 0.07973460853099823, 0.06834545731544495, 0.08279826492071152, 0.0808521956205368, 0.08022353798151016, 0.07872450351715088, 0.08019838482141495, 0.07819820195436478, 0.07637801021337509, 0.07950171083211899, 0.07670831680297852, 0.07477934658527374, 0.07947879284620285, 0.0788482129573822, 0.07450150698423386], "MAPE_train": [118.00706481933594, 152.98226928710938, 171.8804473876953, 146.33804321289062, 165.8986358642578, 158.47377014160156, 167.02151489257812, 174.55287170410156, 143.074951171875, 143.4574432373047, 164.01271057128906, 149.69667053222656, 152.42987060546875, 156.4462432861328, 148.7881622314453, 158.27264404296875, 154.07313537597656], "MSE_val": [0.026337092742323875, 0.02472841553390026, 0.024352043867111206, 0.02031237632036209, 0.02512698620557785, 0.024214275181293488, 0.025035154074430466, 0.025248698890209198, 0.026028312742710114, 0.02663458324968815, 0.024631796404719353, 0.026734497398138046, 0.02533135563135147, 0.02642897516489029, 0.027461474761366844, 0.026562759652733803, 0.025815805420279503], "MAE_val": [0.09874831885099411, 0.10059060901403427, 0.09869696199893951, 0.10123330354690552, 0.10184994339942932, 0.10574369132518768, 0.10121768712997437, 0.10304190963506699, 0.10267718136310577, 0.10697855055332184, 0.10627728700637817, 0.1049729734659195, 0.10819022357463837, 0.10631673783063889, 0.10599879175424576, 0.10444596409797668, 0.10357151180505753], "MAPE_val": [92.82400512695312, 95.09539031982422, 93.70973205566406, 97.37305450439453, 95.75262451171875, 130.2988739013672, 87.45262145996094, 102.2231674194336, 87.19683074951172, 97.34800720214844, 93.7730941772461, 87.52172088623047, 122.60930633544922, 101.3065414428711, 91.75513458251953, 91.20586395263672, 91.94276428222656]}