{"MSE_train": [0.027252525091171265, 0.025993576273322105, 0.024325573816895485, 0.024127135053277016, 0.02324228733778, 0.023115482181310654, 0.02207212895154953, 0.017861559987068176, 0.02252548560500145, 0.02352106012403965, 0.021213600412011147], "MAE_train": [0.09909217059612274, 0.09566279500722885, 0.09638506174087524, 0.0972641259431839, 0.09565600007772446, 0.0923786386847496, 0.09228434413671494, 0.0851268544793129, 0.09194523096084595, 0.09516778588294983, 0.09138745814561844], "MAPE_train": [103.7549819946289, 103.14535522460938, 111.39067840576172, 109.74365234375, 104.89154052734375, 107.40637969970703, 105.53056335449219, 96.47224426269531, 103.2767105102539, 107.68456268310547, 102.29412841796875], "MSE_val": [0.034113746136426926, 0.030320046469569206, 0.029676338657736778, 0.031204162165522575, 0.031075499951839447, 0.028384283185005188, 0.028614534065127373, 0.029511991888284683, 0.027756817638874054, 0.027635954320430756, 0.02891826070845127], "MAE_val": [0.12304272502660751, 0.11344146728515625, 0.11936170607805252, 0.12185736745595932, 0.12038559466600418, 0.11474984139204025, 0.1120116114616394, 0.11768963932991028, 0.11152252554893494, 0.11242460459470749, 0.11512940376996994], "MAPE_val": [128.44760131835938, 132.86404418945312, 139.6388397216797, 144.11900329589844, 146.52011108398438, 139.8318634033203, 140.525390625, 135.22576904296875, 138.43495178222656, 136.002197265625, 135.81484985351562]}