{"MSE_train": [0.027530571445822716, 0.02543826960027218, 0.021734915673732758, 0.021693818271160126, 0.021886950358748436, 0.021185265854001045, 0.02110002562403679, 0.022655921056866646, 0.021485518664121628, 0.02609158866107464, 0.024470152333378792, 0.020503723993897438, 0.02292007766664028, 0.025086279958486557, 0.03075096756219864], "MAE_train": [0.11263460665941238, 0.110899917781353, 0.10229910165071487, 0.10338898748159409, 0.10238691419363022, 0.10097905248403549, 0.10249921679496765, 0.10329936444759369, 0.10168452560901642, 0.10970492660999298, 0.10694970935583115, 0.09929479658603668, 0.1034640222787857, 0.10797441750764847, 0.12081967294216156], "MAPE_train": [534.7001342773438, 550.5745849609375, 385.7343444824219, 501.7423400878906, 336.4292297363281, 321.5290222167969, 363.32733154296875, 361.9998474121094, 348.648681640625, 427.88653564453125, 469.6019592285156, 429.06878662109375, 343.36572265625, 370.22943115234375, 467.5904235839844], "MSE_val": [0.053181637078523636, 0.05405831336975098, 0.04886702448129654, 0.046884480863809586, 0.04774012044072151, 0.048760201781988144, 0.04716121405363083, 0.04842286929488182, 0.047878067940473557, 0.04972939193248749, 0.049348924309015274, 0.04651421308517456, 0.051536355167627335, 0.05070900917053223, 0.052258919924497604], "MAE_val": [0.1568671017885208, 0.1588018834590912, 0.15224941074848175, 0.1527727097272873, 0.1504533588886261, 0.15157270431518555, 0.14860565960407257, 0.1530522108078003, 0.1532868891954422, 0.1517973393201828, 0.14955948293209076, 0.14589495956897736, 0.15594109892845154, 0.15451301634311676, 0.15261845290660858], "MAPE_val": [182.4273681640625, 185.06210327148438, 188.8717498779297, 169.77642822265625, 183.10574340820312, 179.1904754638672, 191.4550018310547, 182.679931640625, 176.03668212890625, 208.77508544921875, 202.8605499267578, 192.62228393554688, 194.2646942138672, 194.6735076904297, 211.84732055664062]}