{"MSE_train": [0.016827523708343506], "MAE_train": [0.07568812370300293], "MAPE_train": [118.00706481933594], "MSE_val": [0.026337092742323875], "MAE_val": [0.09874831885099411], "MAPE_val": [92.82400512695312]}