{"MSE_train": [0.027252525091171265, 0.025993576273322105], "MAE_train": [0.09909217059612274, 0.09566279500722885], "MAPE_train": [103.7549819946289, 103.14535522460938], "MSE_val": [0.034113746136426926, 0.030320046469569206], "MAE_val": [0.12304272502660751, 0.11344146728515625], "MAPE_val": [128.44760131835938, 132.86404418945312]}