{"MSE_train": [0.027932744473218918, 0.02880573831498623, 0.02976342849433422, 0.028096526861190796, 0.021011626347899437, 0.01990615203976631, 0.020928755402565002, 0.02400866709649563, 0.028305698186159134, 0.028831714764237404, 0.019899999722838402, 0.027327008545398712, 0.02775535359978676, 0.0280705988407135, 0.027903776615858078, 0.028740696609020233, 0.02559845708310604, 0.029385393485426903, 0.027058066800236702, 0.02771126478910446, 0.02658560313284397, 0.027023425325751305], "MAE_train": [0.10509520024061203, 0.10878270864486694, 0.11526127904653549, 0.11049839109182358, 0.10065189749002457, 0.09902242571115494, 0.10104909539222717, 0.10417350381612778, 0.11303408443927765, 0.11059406399726868, 0.09435901045799255, 0.1022554263472557, 0.11078710854053497, 0.11387098580598831, 0.1079922467470169, 0.11227643489837646, 0.10677125304937363, 0.11713911592960358, 0.10599486529827118, 0.10795767605304718, 0.10626279562711716, 0.11145462840795517], "MAPE_train": [307.9882507324219, 309.98760986328125, 325.17828369140625, 323.268798828125, 294.1566162109375, 300.8453674316406, 328.99652099609375, 311.8285217285156, 330.26129150390625, 321.8175964355469, 271.5211486816406, 289.81378173828125, 323.6357421875, 336.22576904296875, 318.4249267578125, 318.5113830566406, 316.480224609375, 337.65631103515625, 321.6079406738281, 321.75933837890625, 322.9128112792969, 323.0948486328125], "MSE_val": [0.0343405120074749, 0.037586506456136703, 0.037704095244407654, 0.035638514906167984, 0.0338941253721714, 0.03401093930006027, 0.033929288387298584, 0.033949289470911026, 0.03516057878732681, 0.03517802432179451, 0.034490570425987244, 0.03435327857732773, 0.035328209400177, 0.03674459457397461, 0.03640004247426987, 0.03579524904489517, 0.03497763350605965, 0.03486847132444382, 0.03420042246580124, 0.03401382640004158, 0.03482905775308609, 0.034884463995695114], "MAE_val": [0.12316112965345383, 0.12901778519153595, 0.13397574424743652, 0.1287585198879242, 0.1237199530005455, 0.12096286565065384, 0.12330036610364914, 0.1206950843334198, 0.12649260461330414, 0.12693160772323608, 0.1215396523475647, 0.12264860421419144, 0.12698639929294586, 0.13086341321468353, 0.12742367386817932, 0.12925361096858978, 0.12447906285524368, 0.12507639825344086, 0.1218615248799324, 0.12081383168697357, 0.12110618501901627, 0.12326180189847946], "MAPE_val": [103.11553955078125, 109.94114685058594, 108.03069305419922, 105.01355743408203, 107.94412231445312, 106.98222351074219, 107.25364685058594, 102.48001861572266, 105.45651245117188, 103.1464614868164, 109.72565460205078, 109.72177124023438, 108.43757629394531, 102.88472747802734, 107.15031433105469, 106.92464447021484, 106.04528045654297, 107.33905029296875, 109.8520278930664, 106.79622650146484, 110.1325912475586, 107.11643981933594]}