{"MSE_train": [0.016827523708343506, 0.01529780775308609], "MAE_train": [0.07568812370300293, 0.07703646272420883], "MAPE_train": [118.00706481933594, 152.98226928710938], "MSE_val": [0.026337092742323875, 0.02472841553390026], "MAE_val": [0.09874831885099411, 0.10059060901403427], "MAPE_val": [92.82400512695312, 95.09539031982422]}