{"MSE_train": [0.027530571445822716, 0.02543826960027218], "MAE_train": [0.11263460665941238, 0.110899917781353], "MAPE_train": [534.7001342773438, 550.5745849609375], "MSE_val": [0.053181637078523636, 0.05405831336975098], "MAE_val": [0.1568671017885208, 0.1588018834590912], "MAPE_val": [182.4273681640625, 185.06210327148438]}