{"MSE_train": [0.02543974295258522, 0.025950174778699875, 0.025357985869050026, 0.015335074625909328], "MAE_train": [0.09636154770851135, 0.09946419298648834, 0.09789479523897171, 0.08151063323020935], "MAPE_train": [185.90283203125, 195.93130493164062, 181.11184692382812, 150.01358032226562], "MSE_val": [0.039916738867759705, 0.03941576927900314, 0.04103785753250122, 0.036465227603912354], "MAE_val": [0.12105803191661835, 0.12346843630075455, 0.12308381497859955, 0.11592692881822586], "MAPE_val": [1420.1280517578125, 1690.80712890625, 1631.8282470703125, 2000.300048828125]}