{"MSE_train": [0.027932744473218918, 0.02880573831498623], "MAE_train": [0.10509520024061203, 0.10878270864486694], "MAPE_train": [307.9882507324219, 309.98760986328125], "MSE_val": [0.0343405120074749, 0.037586506456136703], "MAE_val": [0.12316112965345383, 0.12901778519153595], "MAPE_val": [103.11553955078125, 109.94114685058594]}