{"MSE_train": [0.027932744473218918], "MAE_train": [0.10509520024061203], "MAPE_train": [307.9882507324219], "MSE_val": [0.0343405120074749], "MAE_val": [0.12316112965345383], "MAPE_val": [103.11553955078125]}