{"MSE_train": [0.027252525091171265, 0.025993576273322105, 0.024325573816895485, 0.024127135053277016], "MAE_train": [0.09909217059612274, 0.09566279500722885, 0.09638506174087524, 0.0972641259431839], "MAPE_train": [103.7549819946289, 103.14535522460938, 111.39067840576172, 109.74365234375], "MSE_val": [0.034113746136426926, 0.030320046469569206, 0.029676338657736778, 0.031204162165522575], "MAE_val": [0.12304272502660751, 0.11344146728515625, 0.11936170607805252, 0.12185736745595932], "MAPE_val": [128.44760131835938, 132.86404418945312, 139.6388397216797, 144.11900329589844]}