{"loss": [0.13751235604286194, 0.02286124974489212, 0.026481227949261665, 0.029921578243374825, 0.021927444264292717, 0.01865978352725506, 0.019601454958319664, 0.029283763840794563, 0.017834585160017014, 0.015829432755708694, 0.013824219815433025, 0.013265522196888924, 0.016206521540880203, 0.012187973596155643, 0.010793587192893028, 0.009577167220413685, 0.01245437003672123, 0.010808958671987057], "val_loss": [0.14643539488315582, 0.1958995759487152, 0.11097779124975204, 0.14715971052646637, 0.13576722145080566, 0.12340649962425232, 0.18598614633083344, 0.07427309453487396, 0.07754690200090408, 0.08334121108055115, 0.12077914923429489, 0.10830444097518921, 0.1116359531879425, 0.10860072076320648, 0.10634931176900864, 0.10300358384847641, 0.09298980981111526, 0.0873955711722374]}