{"loss": [0.021849988028407097, 0.02980956807732582, 0.036496762186288834, 0.03618721291422844, 0.034479618072509766, 0.03321346640586853, 0.0342378169298172, 0.03306477516889572, 0.037059616297483444, 0.0369090735912323, 0.03565501794219017, 0.034302107989788055, 0.03406967595219612, 0.03472084924578667, 0.04097815975546837, 0.033438269048929214, 0.036760132759809494, 0.029439596459269524, 0.032274916768074036, 0.03155608847737312, 0.03427201136946678, 0.032252855598926544, 0.030039599165320396, 0.029665829613804817, 0.028913820162415504, 0.02910068817436695, 0.028586626052856445, 0.027003200724720955, 0.025664132088422775, 0.025287043303251266, 0.026384621858596802, 0.025292634963989258, 0.024199508130550385, 0.024412697181105614, 0.030386537313461304, 0.029438216239213943], "val_loss": [0.8555666208267212, 0.079225555062294, 0.11046092957258224, 0.05016826093196869, 0.1375540941953659, 0.07532885670661926, 0.055207300931215286, 0.05974440649151802, 0.047242093831300735, 0.04390542209148407, 0.04419896379113197, 0.044709619134664536, 0.05385966598987579, 0.31017249822616577, 0.049535512924194336, 0.042950473725795746, 0.0554627887904644, 0.043981436640024185, 0.0447717159986496, 0.04485588148236275, 0.04349767789244652, 0.04121391847729683, 0.04105497524142265, 0.0403398834168911, 0.041120994836091995, 0.03999168425798416, 0.04144362732768059, 0.04295619577169418, 0.04595492035150528, 0.047708336263895035, 0.053600288927555084, 0.0494694858789444, 0.052184734493494034, 0.0553954616189003, 0.04373931139707565, 0.04179554805159569]}