{"loss": [0.022297672927379608, 0.022058594971895218, 0.027876047417521477, 0.017811309546232224, 0.017910080030560493, 0.01942167431116104, 0.015523443929851055, 0.013718745671212673, 0.011678950861096382, 0.011205792427062988, 0.013140073977410793, 0.011667484417557716, 0.009943210519850254, 0.008895249105989933, 0.011910966597497463, 0.010833595879375935], "val_loss": [0.1080111488699913, 0.12225793302059174, 0.13052429258823395, 0.16756822168827057, 0.13090799748897552, 0.09270454943180084, 0.10499369353055954, 0.12719446420669556, 0.12297846376895905, 0.12744706869125366, 0.1051383838057518, 0.10931044071912766, 0.11051009595394135, 0.11234457790851593, 0.12136129289865494, 0.12145812809467316]}