{"loss": [0.08859648555517197, 0.02657220885157585, 0.03021971695125103, 0.026488494127988815, 0.019519787281751633, 0.021786415949463844, 0.023289503529667854, 0.02232050523161888, 0.023956118151545525, 0.018223783001303673, 0.01752447709441185, 0.016197267919778824, 0.013894382864236832, 0.014799248427152634, 0.011445395648479462, 0.010152565315365791, 0.009362260811030865, 0.01217709481716156, 0.010361970402300358, 0.00926064420491457, 0.008540867827832699, 0.00793359987437725, 0.00732645858079195, 0.006910777185112238, 0.006543295457959175, 0.0062017603777348995, 0.007019896991550922, 0.006541391834616661, 0.006073671393096447, 0.005743572022765875, 0.006319122388958931, 0.005982935428619385], "val_loss": [0.14350339770317078, 0.19976665079593658, 0.14732077717781067, 0.1334097981452942, 0.21999037265777588, 0.16074985265731812, 0.13518010079860687, 0.14417992532253265, 0.08542158454656601, 0.09125067293643951, 0.10361438244581223, 0.09772893041372299, 0.09339282661676407, 0.09306888282299042, 0.09036712348461151, 0.09296184033155441, 0.08873498439788818, 0.07103775441646576, 0.06703075766563416, 0.0663674920797348, 0.06630543619394302, 0.06611286848783493, 0.0666346400976181, 0.06713788211345673, 0.06807620078325272, 0.06970715522766113, 0.07059688121080399, 0.07090426981449127, 0.07171358913183212, 0.07300356030464172, 0.07337948679924011, 0.07355768978595734]}