{"MSE_train": [0.09384070336818695, 0.09433530271053314], "MAE_train": [0.2549440860748291, 0.255370557308197], "MAPE_train": [448.57891845703125, 457.0390319824219], "MSE_val": [0.1283670961856842, 0.12779462337493896], "MAE_val": [0.2929340600967407, 0.29234036803245544], "MAPE_val": [501.1316833496094, 507.5391540527344]}