{"MSE_train": [0.09384070336818695], "MAE_train": [0.2549440860748291], "MAPE_train": [448.57891845703125], "MSE_val": [0.1283670961856842], "MAE_val": [0.2929340600967407], "MAPE_val": [501.1316833496094]}