{"MSE_train": [0.09384070336818695, 0.09433530271053314, 0.09377890825271606, 0.09502546489238739], "MAE_train": [0.2549440860748291, 0.255370557308197, 0.25495344400405884, 0.2561853528022766], "MAPE_train": [448.57891845703125, 457.0390319824219, 468.4741516113281, 468.2278137207031], "MSE_val": [0.1283670961856842, 0.12779462337493896, 0.12410667538642883, 0.1269102394580841], "MAE_val": [0.2929340600967407, 0.29234036803245544, 0.2884989082813263, 0.2915314733982086], "MAPE_val": [501.1316833496094, 507.5391540527344, 523.7569580078125, 521.0302124023438]}