{"MSE_train": [0.0003076094144489616, 0.0003421723085921258, 0.0002763736410997808, 0.0003767003654502332, 0.00024724332615733147, 0.00031652903999201953], "MAE_train": [0.012751029804348946, 0.013152088969945908, 0.011766700074076653, 0.014527167193591595, 0.011129232123494148, 0.01292070560157299], "MAPE_train": [28.452207565307617, 28.54964256286621, 23.91375732421875, 29.955686569213867, 22.061670303344727, 29.807403564453125], "MSE_val": [0.0007987768040038645, 0.0009207485127262771, 0.000801808841060847, 0.0008331378339789808, 0.0006489885272458196, 0.0008285460062325001], "MAE_val": [0.015819717198610306, 0.01756180077791214, 0.015990644693374634, 0.017212560400366783, 0.014197900891304016, 0.01719406619668007], "MAPE_val": [37.736122131347656, 31.626245498657227, 37.541893005371094, 47.40983200073242, 32.126869201660156, 29.766815185546875]}