{"loss": [0.02057192474603653, 0.011532502248883247], "val_loss": [0.07555558532476425, 0.060799986124038696]}