{"loss": [0.01614464446902275, 0.012372324243187904], "val_loss": [0.161222904920578, 0.2391141951084137]}