{"loss": [0.03015884757041931, 0.019344646483659744, 0.02149645797908306, 0.012239488773047924, 0.01065548975020647, 0.008549628779292107, 0.009147926233708858, 0.00937268789857626, 0.007348978891968727, 0.0070886155590415, 0.00676853209733963, 0.006988732609897852], "val_loss": [0.17327091097831726, 0.17479346692562103, 0.08497672528028488, 0.10388929396867752, 0.14140309393405914, 0.10612103343009949, 0.11392685770988464, 0.09669789671897888, 0.10334538668394089, 0.09969639778137207, 0.11269814521074295, 0.06715182214975357]}