{"loss": [0.03015884757041931, 0.019344646483659744, 0.02149645797908306, 0.012239488773047924, 0.01065548975020647, 0.008549628779292107, 0.009147926233708858, 0.00937268789857626, 0.007348978891968727, 0.0070886155590415, 0.00676853209733963, 0.006988732609897852, 0.006914225872606039, 0.006084786728024483, 0.005994576960802078, 0.005504184868186712, 0.005420086905360222, 0.0057339658960700035, 0.007745327893644571, 0.006578442640602589], "val_loss": [0.17327091097831726, 0.17479346692562103, 0.08497672528028488, 0.10388929396867752, 0.14140309393405914, 0.10612103343009949, 0.11392685770988464, 0.09669789671897888, 0.10334538668394089, 0.09969639778137207, 0.11269814521074295, 0.06715182214975357, 0.06704619526863098, 0.05528781935572624, 0.08882711082696915, 0.08560944348573685, 0.1296202391386032, 0.16190899908542633, 0.1065325140953064, 0.12235257029533386]}