{"loss": [28.88942527770996, 0.03312245383858681, 0.019830400124192238, 0.018488643690943718, 0.01655750721693039, 0.017928389832377434, 0.01919170655310154, 0.01837999001145363, 0.01927276700735092, 0.01989806815981865], "val_loss": [38.71665573120117, 5.141740322113037, 4.944406032562256, 3.5141830444335938, 3.4231221675872803, 3.546733856201172, 3.277364492416382, 3.832724094390869, 3.6687636375427246, 4.0249199867248535]}