{"loss": [0.008010189980268478, 0.009461174719035625, 0.010878505185246468, 0.01338926050812006, 0.008953101933002472, 0.01219844724982977, 0.010868588462471962, 0.011287405155599117, 0.019611753523349762, 0.01317297201603651, 0.011424059048295021, 0.010798084549605846, 0.011397812515497208, 0.01151188462972641, 0.011372528038918972, 0.0104291420429945, 0.010732388123869896, 0.010360526852309704, 0.009413610212504864, 0.009633194655179977], "val_loss": [0.9955917596817017, 0.6408185958862305, 0.818871021270752, 0.5061786770820618, 1.1063436269760132, 0.7541917562484741, 1.0487853288650513, 1.2188389301300049, 0.588655948638916, 0.528363823890686, 0.5056633949279785, 0.4905555248260498, 0.47745853662490845, 0.4616076946258545, 0.36191001534461975, 0.2860827147960663, 0.3797757923603058, 0.3751384913921356, 0.3647304177284241, 0.436666339635849]}