{"loss": [0.008010189980268478, 0.009461174719035625, 0.010878505185246468, 0.01338926050812006, 0.008953101933002472, 0.01219844724982977, 0.010868588462471962, 0.011287405155599117, 0.019611753523349762, 0.01317297201603651, 0.011424059048295021, 0.010798084549605846, 0.011397812515497208, 0.01151188462972641, 0.011372528038918972, 0.0104291420429945, 0.010732388123869896, 0.010360526852309704, 0.009413610212504864, 0.009633194655179977, 0.01611177623271942, 0.011282017454504967, 0.01096593588590622, 0.011146671138703823, 0.011107150465250015, 0.01571013033390045, 0.011347007937729359, 0.010844976641237736, 0.010526432655751705, 0.010349842719733715, 0.010218753479421139, 0.010107620619237423, 0.012071226723492146, 0.010621757246553898, 0.010474649257957935, 0.010385651141405106, 0.01031209621578455, 0.010249326005578041, 0.010190701112151146, 0.010140324011445045], "val_loss": [0.9955917596817017, 0.6408185958862305, 0.818871021270752, 0.5061786770820618, 1.1063436269760132, 0.7541917562484741, 1.0487853288650513, 1.2188389301300049, 0.588655948638916, 0.528363823890686, 0.5056633949279785, 0.4905555248260498, 0.47745853662490845, 0.4616076946258545, 0.36191001534461975, 0.2860827147960663, 0.3797757923603058, 0.3751384913921356, 0.3647304177284241, 0.436666339635849, 0.22216245532035828, 0.22620663046836853, 0.23910468816757202, 0.24015596508979797, 0.24273709952831268, 0.08554099500179291, 0.08290684223175049, 0.0805760994553566, 0.08093512058258057, 0.08164452016353607, 0.08398133516311646, 0.08645060658454895, 0.03630039840936661, 0.03599176183342934, 0.03584785759449005, 0.03551199287176132, 0.03532792627811432, 0.03552604094147682, 0.03558165952563286, 0.03583764284849167]}