{"loss": [0.00908427219837904, 0.0069462815299630165, 0.005666718818247318, 0.006121659651398659, 0.006253254599869251, 0.006369323469698429, 0.005987855605781078, 0.006390275899320841, 0.006347479298710823, 0.007262038066983223, 0.005806938745081425, 0.005564188119024038, 0.004885140340775251, 0.004980867262929678, 0.004470807034522295, 0.004649964161217213, 0.005914183333516121, 0.004689364694058895, 0.004417856223881245, 0.004198338836431503], "val_loss": [0.07333557307720184, 0.2181185781955719, 0.1492152363061905, 0.0870477557182312, 0.09221801161766052, 0.2668890058994293, 0.2714468538761139, 0.12156034260988235, 0.0814739391207695, 0.14431291818618774, 0.09575392305850983, 0.04821116849780083, 0.07794134318828583, 0.1629803627729416, 0.06706660985946655, 0.09984804689884186, 0.054012786597013474, 0.051115550100803375, 0.0530872605741024, 0.050898272544145584]}