{"loss": [0.023143330588936806, 0.017563465982675552, 0.006786588113754988, 0.006500059273093939, 0.004880279768258333, 0.005043952260166407, 0.0032377198804169893, 0.0048556579276919365, 0.004666370805352926, 0.00490598427131772, 0.001870040432550013, 0.0015911577502265573, 0.0013657998060807586, 0.0014599657151848078, 0.0011568519985303283, 0.0012531231623142958, 0.0010313113452866673, 0.0008852207683958113, 0.0007614464848302305, 0.0007401394541375339, 0.0007318520219996572, 0.0006491413223557174, 0.00056965317344293, 0.0005443509435281157, 0.0005310459528118372, 0.0004988568252883852, 0.0005534180672839284, 0.0004483065567910671, 0.0004190084873698652, 0.0004543026734609157, 0.00046188855776563287, 0.00047291736700572073, 0.0003724264388438314, 0.0003465960908215493, 0.00034866741043515503, 0.00032943746191449463, 0.0003478362050373107, 0.00035353965358808637, 0.00034195903572253883, 0.0003088266821578145, 0.0002877309743780643, 0.00027111126109957695, 0.00030002687708474696, 0.0002836330677382648, 0.0002751467691268772, 0.0002502117131371051, 0.00024898117408156395, 0.0002392810129094869, 0.0002453210763633251, 0.00033279089257121086, 0.00032186470343731344, 0.0002547833719290793, 0.00021820545953232795, 0.00021962336904834956, 0.0002141583536285907, 0.0002212407998740673, 0.0002103581791743636, 0.00019555755716282874, 0.0002136094990419224, 0.00019694428192451596, 0.0002109451888827607, 0.00029292848194018006, 0.0003003838937729597, 0.00020005374972242862, 0.00018559530144557357, 0.00018751599418465048, 0.00018511277448851615, 0.00018449935305397958, 0.00017601852596271783, 0.00017447244317736477, 0.00018003371951635927, 0.000171044041053392, 0.00017744321667123586, 0.0001746869966154918, 0.00018571328837424517, 0.00016628197045065463, 0.00016191165195778012, 0.00015886328765191138], "val_loss": [0.04682767018675804, 0.03999606519937515, 0.02031186781823635, 0.010433669202029705, 0.012953873723745346, 0.004605907015502453, 0.017718996852636337, 0.00513442000374198, 0.027361735701560974, 0.003951465245336294, 0.005923049990087748, 0.005061345640569925, 0.009646398015320301, 0.0036156601272523403, 0.010230772197246552, 0.0020188770722597837, 0.0062637473456561565, 0.0026830905117094517, 0.004772278014570475, 0.0020144328009337187, 0.004384251777082682, 0.0018162834458053112, 0.0025906686205416918, 0.0026597061660140753, 0.0014833268942311406, 0.003273545065894723, 0.002069598762318492, 0.0014493579510599375, 0.001994408667087555, 0.003372805193066597, 0.001899144845083356, 0.0017076516523957253, 0.0015257905470207334, 0.0014199598226696253, 0.002194061642512679, 0.0013888096436858177, 0.0013183595146983862, 0.002167938044294715, 0.001263519749045372, 0.0016746358014643192, 0.0012530583189800382, 0.001177864265628159, 0.0018516131676733494, 0.0010647577000781894, 0.001516213407739997, 0.0012549394741654396, 0.0008537514368072152, 0.0010073710000142455, 0.0013042076025158167, 0.00171646848320961, 0.0009630969725549221, 0.0008673607371747494, 0.0010615100618451834, 0.0013725326862186193, 0.0010481985518708825, 0.0007827942608855665, 0.0013894769363105297, 0.0007829009555280209, 0.0008025174029171467, 0.0015222408110275865, 0.0007793036638759077, 0.0017537774983793497, 0.0008999163401313126, 0.0008313414291478693, 0.0015326429856941104, 0.0008443219703622162, 0.001227857661433518, 0.0007339544827118516, 0.0011359992204234004, 0.0007992407190613449, 0.0011463952250778675, 0.0009323088452219963, 0.0009999662870541215, 0.0008833804749883711, 0.0009372110944241285, 0.0008559401612728834, 0.0009035370894707739, 0.0013097623595967889]}