{"loss": [0.013935059309005737, 0.0063482895493507385, 0.005235328339040279, 0.005385259632021189, 0.004361873958259821, 0.004027943126857281, 0.0036319305654615164, 0.0033104971516877413, 0.003038824535906315, 0.002794818952679634, 0.002585827838629484, 0.002403640653938055, 0.002244184724986553, 0.0021062111482024193, 0.001985838171094656, 0.0018807504093274474, 0.001785401371307671, 0.001701751840300858, 0.0016227752203121781, 0.001550205983221531, 0.0014816841576248407, 0.0014189551584422588, 0.0013597899815067649, 0.0013052643043920398, 0.001253071939572692, 0.0012063353788107634, 0.001160103129222989, 0.001118218875490129, 0.001077650929801166, 0.0010398996528238058], "val_loss": [0.017965231090784073, 0.026059024035930634, 0.023573266342282295, 0.010996522381901741, 0.008702107705175877, 0.005802647676318884, 0.005003271624445915, 0.004278356675058603, 0.0038500975351780653, 0.0035707142669707537, 0.0033525447361171246, 0.003173984820023179, 0.003025101963430643, 0.002908823313191533, 0.0027906387113034725, 0.002673265291377902, 0.0025669692549854517, 0.00244589289650321, 0.0023147533647716045, 0.0021812147460877895, 0.0020574782975018024, 0.00193313742056489, 0.001836639130488038, 0.0017329436959698796, 0.0016490828711539507, 0.0015557879814878106, 0.0014814358437433839, 0.0014106309972703457, 0.0013383915647864342, 0.0012801181292161345]}