{"MSE_train": [0.009884621016681194, 0.00754544185474515], "MAE_train": [0.06626971811056137, 0.05557955801486969], "MAPE_train": [138.13031005859375, 111.18177795410156], "MSE_val": [0.015695225447416306, 0.011480767279863358], "MAE_val": [0.08313054591417313, 0.0694781169295311], "MAPE_val": [163.0997314453125, 130.8473358154297]}