{"MSE_train": [0.00614646403118968], "MAE_train": [0.046848852187395096], "MAPE_train": [96.76139068603516], "MSE_val": [0.009530691429972649], "MAE_val": [0.060399577021598816], "MAPE_val": [115.92615509033203]}