{"MSE_train": [0.009884621016681194], "MAE_train": [0.06626971811056137], "MAPE_train": [138.13031005859375], "MSE_val": [0.015695225447416306], "MAE_val": [0.08313054591417313], "MAPE_val": [163.0997314453125]}