{"MSE_train": [0.009884621016681194, 0.00754544185474515, 0.006761798169463873, 0.006325182504951954, 0.005625799298286438, 0.006007372867316008, 0.005103788338601589, 0.00574133824557066, 0.005364380776882172, 0.005575606599450111, 0.004971276968717575, 0.004902818705886602, 0.005192606709897518, 0.005985202267765999, 0.0057035209611058235, 0.005298611707985401, 0.005107197444885969, 0.004807188641279936], "MAE_train": [0.06626971811056137, 0.05557955801486969, 0.05348309502005577, 0.051648132503032684, 0.04803816229104996, 0.049492690712213516, 0.0460686981678009, 0.04754010960459709, 0.04561663046479225, 0.04650646820664406, 0.04317639395594597, 0.04286811128258705, 0.04451024904847145, 0.04529585316777229, 0.04529218748211861, 0.04316648468375206, 0.0423198863863945, 0.041924893856048584], "MAPE_train": [138.13031005859375, 111.18177795410156, 108.83867645263672, 101.37281799316406, 99.27311706542969, 101.15953826904297, 94.87688446044922, 98.24436950683594, 93.73278045654297, 96.5188980102539, 89.26703643798828, 88.2768783569336, 90.2891616821289, 94.73678588867188, 93.9263687133789, 89.73878479003906, 89.18923950195312, 88.89720916748047], "MSE_val": [0.015695225447416306, 0.011480767279863358, 0.010548054240643978, 0.01027626171708107, 0.010449531488120556, 0.01052104402333498, 0.010048477910459042, 0.010133989155292511, 0.009852534160017967, 0.009821020998060703, 0.009427936747670174, 0.009093085303902626, 0.008840692229568958, 0.008856984786689281, 0.008957142941653728, 0.00871006865054369, 0.008920030668377876, 0.009085048921406269], "MAE_val": [0.08313054591417313, 0.0694781169295311, 0.0668221041560173, 0.06510335952043533, 0.06540337949991226, 0.06529562920331955, 0.06377995014190674, 0.06345272809267044, 0.06140324845910072, 0.060970280319452286, 0.05853230133652687, 0.05843326449394226, 0.05821789801120758, 0.056971728801727295, 0.057733193039894104, 0.05741129070520401, 0.057509809732437134, 0.05821064114570618], "MAPE_val": [163.0997314453125, 130.8473358154297, 119.41368103027344, 125.14583587646484, 143.7019500732422, 136.8093719482422, 142.59864807128906, 142.78683471679688, 119.8377685546875, 119.23532104492188, 107.77616882324219, 126.25828552246094, 116.78398895263672, 106.90898132324219, 105.68072509765625, 117.29009246826172, 127.62303924560547, 122.0790786743164]}