{"MSE_train": [0.00614646403118968, 0.0057542589493095875], "MAE_train": [0.046848852187395096, 0.04436151310801506], "MAPE_train": [96.76139068603516, 91.42488098144531], "MSE_val": [0.009530691429972649, 0.008997541852295399], "MAE_val": [0.060399577021598816, 0.05771825090050697], "MAPE_val": [115.92615509033203, 117.9126205444336]}