{"MSE_train": [0.00614646403118968, 0.0057542589493095875, 0.005276239011436701], "MAE_train": [0.046848852187395096, 0.04436151310801506, 0.043681271374225616], "MAPE_train": [96.76139068603516, 91.42488098144531, 90.24609375], "MSE_val": [0.009530691429972649, 0.008997541852295399, 0.008901073597371578], "MAE_val": [0.060399577021598816, 0.05771825090050697, 0.057927194982767105], "MAPE_val": [115.92615509033203, 117.9126205444336, 115.90892028808594]}