{"MSE_train": [0.009884621016681194, 0.00754544185474515, 0.006761798169463873, 0.006325182504951954, 0.005625799298286438, 0.006007372867316008, 0.005103788338601589, 0.00574133824557066, 0.005364380776882172, 0.005575606599450111, 0.004971276968717575], "MAE_train": [0.06626971811056137, 0.05557955801486969, 0.05348309502005577, 0.051648132503032684, 0.04803816229104996, 0.049492690712213516, 0.0460686981678009, 0.04754010960459709, 0.04561663046479225, 0.04650646820664406, 0.04317639395594597], "MAPE_train": [138.13031005859375, 111.18177795410156, 108.83867645263672, 101.37281799316406, 99.27311706542969, 101.15953826904297, 94.87688446044922, 98.24436950683594, 93.73278045654297, 96.5188980102539, 89.26703643798828], "MSE_val": [0.015695225447416306, 0.011480767279863358, 0.010548054240643978, 0.01027626171708107, 0.010449531488120556, 0.01052104402333498, 0.010048477910459042, 0.010133989155292511, 0.009852534160017967, 0.009821020998060703, 0.009427936747670174], "MAE_val": [0.08313054591417313, 0.0694781169295311, 0.0668221041560173, 0.06510335952043533, 0.06540337949991226, 0.06529562920331955, 0.06377995014190674, 0.06345272809267044, 0.06140324845910072, 0.060970280319452286, 0.05853230133652687], "MAPE_val": [163.0997314453125, 130.8473358154297, 119.41368103027344, 125.14583587646484, 143.7019500732422, 136.8093719482422, 142.59864807128906, 142.78683471679688, 119.8377685546875, 119.23532104492188, 107.77616882324219]}