{"MSE_train": [0.03382351994514465, 0.030456677079200745, 0.02628251723945141, 0.022928379476070404], "MAE_train": [0.11458050459623337, 0.10552885383367538, 0.09855178743600845, 0.0906323716044426], "MAPE_train": [270.8746337890625, 255.46270751953125, 271.3598327636719, 270.4657897949219], "MSE_val": [0.03962255269289017, 0.03669534623622894, 0.03628232702612877, 0.03421313315629959], "MAE_val": [0.13464021682739258, 0.12597881257534027, 0.12205208092927933, 0.11907152086496353], "MAPE_val": [110.83838653564453, 110.39198303222656, 108.40821838378906, 101.0687026977539]}