{"MSE_train": [0.019565187394618988, 0.01561138778924942, 0.01536168996244669, 0.014961658045649529, 0.013965487480163574], "MAE_train": [0.08082235604524612, 0.07002578675746918, 0.0681614950299263, 0.06804133951663971, 0.06719623506069183], "MAPE_train": [130.15272521972656, 116.16189575195312, 106.98875427246094, 110.86521911621094, 114.81398010253906], "MSE_val": [0.027614641934633255, 0.023993391543626785, 0.02235623076558113, 0.022568117827177048, 0.02101987414062023], "MAE_val": [0.1017579510807991, 0.09285186231136322, 0.08935948461294174, 0.09215065091848373, 0.08952105045318604], "MAPE_val": [92.89491271972656, 84.80818176269531, 84.09223175048828, 96.37931060791016, 95.71346282958984]}