{"MSE_train": [0.029300788417458534, 0.02505006082355976, 0.024190714582800865, 0.020837007090449333, 0.02019890397787094], "MAE_train": [0.10167668014764786, 0.08998758345842361, 0.08834768831729889, 0.0817144587635994, 0.0805077999830246], "MAPE_train": [101.5435562133789, 92.3423843383789, 92.6854476928711, 85.80277252197266, 85.63148498535156], "MSE_val": [0.03454515337944031, 0.029244117438793182, 0.02798541449010372, 0.026420719921588898, 0.025135597214102745], "MAE_val": [0.12132145464420319, 0.107620969414711, 0.10638471692800522, 0.10896988958120346, 0.10434660315513611], "MAPE_val": [136.5211639404297, 124.89798736572266, 127.37018585205078, 118.7246322631836, 115.45950317382812]}