{"MSE_train": [0.03382351994514465, 0.030456677079200745], "MAE_train": [0.11458050459623337, 0.10552885383367538], "MAPE_train": [270.8746337890625, 255.46270751953125], "MSE_val": [0.03962255269289017, 0.03669534623622894], "MAE_val": [0.13464021682739258, 0.12597881257534027], "MAPE_val": [110.83838653564453, 110.39198303222656]}