{"MSE_train": [0.022987231612205505], "MAE_train": [0.10447613149881363], "MAPE_train": [212.6255645751953], "MSE_val": [0.027380509302020073], "MAE_val": [0.11121365427970886], "MAPE_val": [85.20503234863281]}