{"MSE_train": [0.019565187394618988], "MAE_train": [0.08082235604524612], "MAPE_train": [130.15272521972656], "MSE_val": [0.027614641934633255], "MAE_val": [0.1017579510807991], "MAPE_val": [92.89491271972656]}