{"MSE_train": [0.023655418306589127, 0.021510450169444084, 0.018243374302983284, 0.023049036040902138, 0.023661309853196144, 0.02208271250128746, 0.022896597161889076, 0.017446627840399742, 0.02351062186062336, 0.020283542573451996, 0.019563717767596245, 0.021035924553871155, 0.017647985368967056, 0.019857363775372505, 0.021029409021139145, 0.019305650144815445, 0.02069711685180664, 0.02013382874429226, 0.01957879401743412, 0.019742432981729507, 0.01821390725672245, 0.020152496173977852], "MAE_train": [0.10019829124212265, 0.09248829632997513, 0.0851498693227768, 0.09518250823020935, 0.09686329215765, 0.09374288469552994, 0.09446540474891663, 0.08680623769760132, 0.09835071861743927, 0.09088815748691559, 0.09014242142438889, 0.09403883665800095, 0.0858687162399292, 0.09114934504032135, 0.09433603286743164, 0.0909237340092659, 0.09415257722139359, 0.09345005452632904, 0.09365924447774887, 0.09405877441167831, 0.09070400893688202, 0.09322445094585419], "MAPE_train": [354.0583801269531, 445.92156982421875, 576.7207641601562, 587.0468139648438, 558.012939453125, 643.3609619140625, 605.3187866210938, 1079.14306640625, 693.7366943359375, 806.778564453125, 671.3866577148438, 437.6684265136719, 418.1866760253906, 491.2104797363281, 596.562255859375, 589.6072998046875, 575.5261840820312, 602.3206787109375, 571.2952270507812, 556.014892578125, 507.06475830078125, 532.7939453125], "MSE_val": [0.048547517508268356, 0.047642357647418976, 0.04556894674897194, 0.04689382389187813, 0.04581683501601219, 0.04664667323231697, 0.045606207102537155, 0.04716595634818077, 0.04916936159133911, 0.04997275024652481, 0.049185462296009064, 0.04938862472772598, 0.04672526940703392, 0.051281511783599854, 0.04897026717662811, 0.04656536877155304, 0.046799805015325546, 0.04737158119678497, 0.047514889389276505, 0.04709848016500473, 0.04746052995324135, 0.04665875434875488], "MAE_val": [0.14375784993171692, 0.142236590385437, 0.1392897665500641, 0.14342227578163147, 0.14091411232948303, 0.14271046221256256, 0.14050626754760742, 0.14228597283363342, 0.15015874803066254, 0.14859719574451447, 0.14914967119693756, 0.1519845575094223, 0.14444243907928467, 0.15628108382225037, 0.15365882217884064, 0.149966761469841, 0.1489170640707016, 0.15162993967533112, 0.15349915623664856, 0.15347644686698914, 0.15377207100391388, 0.15240038931369781], "MAPE_val": [171.8041229248047, 180.10589599609375, 171.89256286621094, 191.6697998046875, 183.56886291503906, 181.2675018310547, 178.2634735107422, 168.34963989257812, 183.53231811523438, 189.4069366455078, 189.7930145263672, 200.6085205078125, 197.7137451171875, 205.9893035888672, 189.7709503173828, 205.55027770996094, 204.09381103515625, 200.7685546875, 198.9302215576172, 203.28941345214844, 203.65330505371094, 199.19284057617188]}