{"MSE_train": [0.026828346773982048, 0.022532738745212555, 0.02185029722750187, 0.0203686710447073, 0.021419532597064972, 0.020123789086937904, 0.019717201590538025, 0.020902622491121292, 0.018801553174853325], "MAE_train": [0.0956849530339241, 0.08520933985710144, 0.0877489522099495, 0.08436661213636398, 0.08827792853116989, 0.08174057304859161, 0.08242462575435638, 0.0847822055220604, 0.07971829175949097], "MAPE_train": [184.78994750976562, 156.48658752441406, 154.09701538085938, 159.07846069335938, 157.01512145996094, 142.17262268066406, 140.68182373046875, 150.24319458007812, 142.23965454101562], "MSE_val": [0.04094056040048599, 0.035756539553403854, 0.03772587701678276, 0.037641219794750214, 0.03809434175491333, 0.03478396683931351, 0.03212960436940193, 0.03370222821831703, 0.030483152717351913], "MAE_val": [0.12274566292762756, 0.11158594489097595, 0.11580751836299896, 0.11433027684688568, 0.11750193685293198, 0.11175302416086197, 0.10955055803060532, 0.11288024485111237, 0.10791435837745667], "MAPE_val": [1387.3377685546875, 1925.59033203125, 1808.132568359375, 1688.618896484375, 1587.9373779296875, 1443.1627197265625, 1203.72802734375, 1563.6839599609375, 2785.044921875]}