{"MSE_train": [0.026828346773982048, 0.022532738745212555, 0.02185029722750187, 0.0203686710447073, 0.021419532597064972], "MAE_train": [0.0956849530339241, 0.08520933985710144, 0.0877489522099495, 0.08436661213636398, 0.08827792853116989], "MAPE_train": [184.78994750976562, 156.48658752441406, 154.09701538085938, 159.07846069335938, 157.01512145996094], "MSE_val": [0.04094056040048599, 0.035756539553403854, 0.03772587701678276, 0.037641219794750214, 0.03809434175491333], "MAE_val": [0.12274566292762756, 0.11158594489097595, 0.11580751836299896, 0.11433027684688568, 0.11750193685293198], "MAPE_val": [1387.3377685546875, 1925.59033203125, 1808.132568359375, 1688.618896484375, 1587.9373779296875]}