{"MSE_train": [0.026828346773982048, 0.022532738745212555, 0.02185029722750187, 0.0203686710447073, 0.021419532597064972, 0.020123789086937904, 0.019717201590538025, 0.020902622491121292, 0.018801553174853325, 0.018522627651691437, 0.017411116510629654, 0.01932627148926258, 0.0158755611628294, 0.01913299970328808, 0.02243569865822792, 0.02367238700389862, 0.024306511506438255, 0.02442152239382267, 0.022564247250556946, 0.024709749966859818], "MAE_train": [0.0956849530339241, 0.08520933985710144, 0.0877489522099495, 0.08436661213636398, 0.08827792853116989, 0.08174057304859161, 0.08242462575435638, 0.0847822055220604, 0.07971829175949097, 0.0809704065322876, 0.07845428586006165, 0.08325037360191345, 0.07974105328321457, 0.08588749915361404, 0.09015937149524689, 0.08997675031423569, 0.0923607349395752, 0.09382283687591553, 0.08900222182273865, 0.09359882771968842], "MAPE_train": [184.78994750976562, 156.48658752441406, 154.09701538085938, 159.07846069335938, 157.01512145996094, 142.17262268066406, 140.68182373046875, 150.24319458007812, 142.23965454101562, 145.27662658691406, 142.7918701171875, 157.11822509765625, 145.16233825683594, 161.01333618164062, 164.4456787109375, 168.73068237304688, 172.02662658691406, 166.8779296875, 172.31613159179688, 174.2576446533203], "MSE_val": [0.04094056040048599, 0.035756539553403854, 0.03772587701678276, 0.037641219794750214, 0.03809434175491333, 0.03478396683931351, 0.03212960436940193, 0.03370222821831703, 0.030483152717351913, 0.03179759904742241, 0.033353760838508606, 0.03402193263173103, 0.032635994255542755, 0.0354282408952713, 0.03850642219185829, 0.03490537032485008, 0.032023895531892776, 0.03241237252950668, 0.03323611617088318, 0.03301907330751419], "MAE_val": [0.12274566292762756, 0.11158594489097595, 0.11580751836299896, 0.11433027684688568, 0.11750193685293198, 0.11175302416086197, 0.10955055803060532, 0.11288024485111237, 0.10791435837745667, 0.11124112457036972, 0.11313696205615997, 0.11579662561416626, 0.11539887636899948, 0.11928137391805649, 0.12409012764692307, 0.11725513637065887, 0.11584445089101791, 0.11798478662967682, 0.11780370026826859, 0.11640983819961548], "MAPE_val": [1387.3377685546875, 1925.59033203125, 1808.132568359375, 1688.618896484375, 1587.9373779296875, 1443.1627197265625, 1203.72802734375, 1563.6839599609375, 2785.044921875, 1958.9422607421875, 2084.07177734375, 2511.187255859375, 2199.042236328125, 1875.7845458984375, 1941.3795166015625, 1596.1097412109375, 1954.8297119140625, 2050.445556640625, 2345.231201171875, 2024.2066650390625]}