{"MSE_train": [0.03382351994514465], "MAE_train": [0.11458050459623337], "MAPE_train": [270.8746337890625], "MSE_val": [0.03962255269289017], "MAE_val": [0.13464021682739258], "MAPE_val": [110.83838653564453]}