{"MSE_train": [0.023655418306589127, 0.021510450169444084, 0.018243374302983284], "MAE_train": [0.10019829124212265, 0.09248829632997513, 0.0851498693227768], "MAPE_train": [354.0583801269531, 445.92156982421875, 576.7207641601562], "MSE_val": [0.048547517508268356, 0.047642357647418976, 0.04556894674897194], "MAE_val": [0.14375784993171692, 0.142236590385437, 0.1392897665500641], "MAPE_val": [171.8041229248047, 180.10589599609375, 171.89256286621094]}