{"MSE_train": [0.023655418306589127, 0.021510450169444084], "MAE_train": [0.10019829124212265, 0.09248829632997513], "MAPE_train": [354.0583801269531, 445.92156982421875], "MSE_val": [0.048547517508268356, 0.047642357647418976], "MAE_val": [0.14375784993171692, 0.142236590385437], "MAPE_val": [171.8041229248047, 180.10589599609375]}