{"MSE_train": [0.022987231612205505, 0.015215741470456123, 0.01584550365805626, 0.015029179863631725], "MAE_train": [0.10447613149881363, 0.0794321671128273, 0.07971928268671036, 0.07793539017438889], "MAPE_train": [212.6255645751953, 189.94482421875, 188.14794921875, 188.58502197265625], "MSE_val": [0.027380509302020073, 0.021746212616562843, 0.02177918143570423, 0.021282684057950974], "MAE_val": [0.11121365427970886, 0.09089431911706924, 0.09376862645149231, 0.0924624353647232], "MAPE_val": [85.20503234863281, 69.79557037353516, 70.45426177978516, 74.62017059326172]}