{"MSE_train": [0.026398561894893646], "MAE_train": [0.11042305082082748], "MAPE_train": [165.65557861328125], "MSE_val": [0.029559697955846786], "MAE_val": [0.11984863132238388], "MAPE_val": [61.657745361328125]}