{"MSE_train": [0.022987231612205505, 0.015215741470456123], "MAE_train": [0.10447613149881363, 0.0794321671128273], "MAPE_train": [212.6255645751953, 189.94482421875], "MSE_val": [0.027380509302020073, 0.021746212616562843], "MAE_val": [0.11121365427970886, 0.09089431911706924], "MAPE_val": [85.20503234863281, 69.79557037353516]}