{"MSE_train": [0.026398561894893646, 0.02230159379541874], "MAE_train": [0.11042305082082748, 0.09601651132106781], "MAPE_train": [165.65557861328125, 134.71585083007812], "MSE_val": [0.029559697955846786, 0.02590767852962017], "MAE_val": [0.11984863132238388, 0.10528170317411423], "MAPE_val": [61.657745361328125, 64.70960235595703]}