{"MSE_train": [0.03382351994514465, 0.030456677079200745, 0.02628251723945141, 0.022928379476070404, 0.02796361781656742, 0.02265542931854725, 0.0276650320738554, 0.030548207461833954, 0.026551995426416397, 0.02827962301671505, 0.02429848536849022, 0.023224594071507454, 0.01892077922821045, 0.018473956733942032, 0.02150416374206543, 0.024940280243754387, 0.02489529550075531, 0.02571757882833481, 0.021198654547333717, 0.026137059554457664, 0.027640551328659058, 0.02711217664182186, 0.024274682626128197], "MAE_train": [0.11458050459623337, 0.10552885383367538, 0.09855178743600845, 0.0906323716044426, 0.10234486311674118, 0.09578413516283035, 0.10289419442415237, 0.10964921861886978, 0.10089120268821716, 0.10587282478809357, 0.09831754118204117, 0.09777583181858063, 0.08970481902360916, 0.08958489447832108, 0.09569109976291656, 0.10189046710729599, 0.10388010740280151, 0.1050981804728508, 0.09621913731098175, 0.10632963478565216, 0.10901151597499847, 0.10902875661849976, 0.10280153155326843], "MAPE_train": [270.8746337890625, 255.46270751953125, 271.3598327636719, 270.4657897949219, 272.919677734375, 280.5110168457031, 281.96954345703125, 271.10748291015625, 299.5503234863281, 282.80975341796875, 282.04730224609375, 280.50592041015625, 273.66400146484375, 284.1141357421875, 282.0447998046875, 276.8068542480469, 285.5593566894531, 283.67596435546875, 294.3273620605469, 284.58709716796875, 287.0318908691406, 286.3694152832031, 281.999267578125], "MSE_val": [0.03962255269289017, 0.03669534623622894, 0.03628232702612877, 0.03421313315629959, 0.038187168538570404, 0.035514965653419495, 0.03360726311802864, 0.03490157052874565, 0.03340272232890129, 0.03392108902335167, 0.03498177230358124, 0.03517044335603714, 0.03261812403798103, 0.035702988505363464, 0.035225048661231995, 0.03519001975655556, 0.034139178693294525, 0.03380236774682999, 0.0332319438457489, 0.033983856439590454, 0.03391474112868309, 0.03495845943689346, 0.03461050987243652], "MAE_val": [0.13464021682739258, 0.12597881257534027, 0.12205208092927933, 0.11907152086496353, 0.12917084991931915, 0.1248403936624527, 0.12330339103937149, 0.12810619175434113, 0.1206592470407486, 0.12443848699331284, 0.12445385754108429, 0.12651878595352173, 0.12140755355358124, 0.12653785943984985, 0.12842434644699097, 0.1278051882982254, 0.12723757326602936, 0.12527653574943542, 0.12405311316251755, 0.12726755440235138, 0.12499234080314636, 0.12740851938724518, 0.12655918300151825], "MAPE_val": [110.83838653564453, 110.39198303222656, 108.40821838378906, 101.0687026977539, 119.96295166015625, 103.29766082763672, 96.03290557861328, 91.08283996582031, 95.56192779541016, 93.85140228271484, 108.03033447265625, 107.25012969970703, 96.15570068359375, 98.1838607788086, 98.38665008544922, 103.91030883789062, 93.393798828125, 100.58171844482422, 96.7230453491211, 89.30148315429688, 87.31681060791016, 94.6317367553711, 96.82772064208984]}