{"MSE_train": [0.026398561894893646, 0.02230159379541874, 0.021390650421380997, 0.021459585055708885, 0.019691357389092445, 0.018768537789583206, 0.01896866224706173, 0.01949312910437584, 0.021254872903227806, 0.02192855067551136, 0.01855052448809147, 0.01840502955019474, 0.02007373608648777, 0.020773068070411682, 0.01921696960926056, 0.01928127370774746, 0.01962856575846672, 0.022207899019122124, 0.017037371173501015, 0.016751214861869812, 0.015043111518025398, 0.019692085683345795], "MAE_train": [0.11042305082082748, 0.09601651132106781, 0.09256522357463837, 0.09290686994791031, 0.08812809735536575, 0.08627565205097198, 0.08829454332590103, 0.08933575451374054, 0.09251449257135391, 0.09441594034433365, 0.08811667561531067, 0.08684223890304565, 0.09317560493946075, 0.0912192314863205, 0.0891244113445282, 0.09131810814142227, 0.09388665109872818, 0.09862308949232101, 0.08799418807029724, 0.08623680472373962, 0.08345447480678558, 0.09363988041877747], "MAPE_train": [165.65557861328125, 134.71585083007812, 133.51541137695312, 128.6615447998047, 126.69416809082031, 127.07024383544922, 134.0500030517578, 133.64137268066406, 141.74400329589844, 140.8216094970703, 134.27272033691406, 130.16976928710938, 135.68824768066406, 143.11924743652344, 136.85182189941406, 145.5264892578125, 148.29017639160156, 157.10122680664062, 142.24472045898438, 138.2763214111328, 129.98880004882812, 148.72296142578125], "MSE_val": [0.029559697955846786, 0.02590767852962017, 0.02477346546947956, 0.024025732651352882, 0.022972149774432182, 0.02299785241484642, 0.025102274492383003, 0.02500109001994133, 0.02502974309027195, 0.026068685576319695, 0.024915054440498352, 0.026081349700689316, 0.026460252702236176, 0.027221648022532463, 0.026854559779167175, 0.026073211804032326, 0.026609696447849274, 0.027230726554989815, 0.027689646929502487, 0.027810506522655487, 0.02712460234761238, 0.028663991019129753], "MAE_val": [0.11984863132238388, 0.10528170317411423, 0.10031016916036606, 0.09954511374235153, 0.09650273621082306, 0.09676940739154816, 0.10169360041618347, 0.10173880308866501, 0.10317856818437576, 0.10657478123903275, 0.10239459574222565, 0.10396736115217209, 0.11105722934007645, 0.10774286836385727, 0.11054757982492447, 0.1060066819190979, 0.10874307155609131, 0.11205669492483139, 0.11111472547054291, 0.1153753399848938, 0.11370192468166351, 0.11511939764022827], "MAPE_val": [61.657745361328125, 64.70960235595703, 62.874473571777344, 58.51579284667969, 53.450828552246094, 53.1445426940918, 58.18922805786133, 59.978607177734375, 62.43494415283203, 62.835941314697266, 63.032752990722656, 68.44771575927734, 70.49188995361328, 73.74951934814453, 72.19532012939453, 72.40808868408203, 70.98587036132812, 72.22895050048828, 74.04489135742188, 77.20784759521484, 72.53028869628906, 75.09264373779297]}