{"MSE_train": [0.023655418306589127], "MAE_train": [0.10019829124212265], "MAPE_train": [354.0583801269531], "MSE_val": [0.048547517508268356], "MAE_val": [0.14375784993171692], "MAPE_val": [171.8041229248047]}