{"MSE_train": [0.026398561894893646, 0.02230159379541874, 0.021390650421380997, 0.021459585055708885], "MAE_train": [0.11042305082082748, 0.09601651132106781, 0.09256522357463837, 0.09290686994791031], "MAPE_train": [165.65557861328125, 134.71585083007812, 133.51541137695312, 128.6615447998047], "MSE_val": [0.029559697955846786, 0.02590767852962017, 0.02477346546947956, 0.024025732651352882], "MAE_val": [0.11984863132238388, 0.10528170317411423, 0.10031016916036606, 0.09954511374235153], "MAPE_val": [61.657745361328125, 64.70960235595703, 62.874473571777344, 58.51579284667969]}