{"MSE_train": [0.019565187394618988, 0.01561138778924942], "MAE_train": [0.08082235604524612, 0.07002578675746918], "MAPE_train": [130.15272521972656, 116.16189575195312], "MSE_val": [0.027614641934633255, 0.023993391543626785], "MAE_val": [0.1017579510807991, 0.09285186231136322], "MAPE_val": [92.89491271972656, 84.80818176269531]}