{"MSE_train": [0.019565187394618988, 0.01561138778924942, 0.01536168996244669, 0.014961658045649529, 0.013965487480163574, 0.013258435763418674, 0.011882713995873928, 0.013659374788403511, 0.014416973106563091, 0.01320657692849636, 0.013157918117940426, 0.013615654781460762, 0.00929827056825161, 0.009589876048266888, 0.010163983330130577, 0.010265005752444267, 0.009219963103532791, 0.01090608723461628, 0.0122655825689435, 0.010970469564199448, 0.01448199525475502], "MAE_train": [0.08082235604524612, 0.07002578675746918, 0.0681614950299263, 0.06804133951663971, 0.06719623506069183, 0.0658738911151886, 0.0647609606385231, 0.06776255369186401, 0.07191334664821625, 0.0680919960141182, 0.06809396296739578, 0.07039716839790344, 0.06061425432562828, 0.06187214329838753, 0.06274660676717758, 0.06262467801570892, 0.06213977932929993, 0.06651280075311661, 0.06897775828838348, 0.0671762079000473, 0.07310166954994202], "MAPE_train": [130.15272521972656, 116.16189575195312, 106.98875427246094, 110.86521911621094, 114.81398010253906, 113.83564758300781, 113.03363800048828, 111.06388092041016, 107.6859359741211, 98.79290008544922, 96.56585693359375, 105.59226989746094, 91.09678649902344, 96.7740478515625, 87.9334945678711, 97.0086669921875, 91.16659545898438, 101.26412963867188, 95.40018463134766, 97.42118072509766, 105.9767074584961], "MSE_val": [0.027614641934633255, 0.023993391543626785, 0.02235623076558113, 0.022568117827177048, 0.02101987414062023, 0.02112400531768799, 0.020302146673202515, 0.023207630962133408, 0.024580083787441254, 0.023945776745676994, 0.02454688400030136, 0.025307854637503624, 0.02338125929236412, 0.024388855323195457, 0.024398384615778923, 0.022513939067721367, 0.019961131736636162, 0.022074934095144272, 0.023050833493471146, 0.0233368631452322, 0.02698720246553421], "MAE_val": [0.1017579510807991, 0.09285186231136322, 0.08935948461294174, 0.09215065091848373, 0.08952105045318604, 0.09028514474630356, 0.08917659521102905, 0.0928538516163826, 0.09664798527956009, 0.09561306983232498, 0.09814123809337616, 0.10006347298622131, 0.10404018312692642, 0.10474610328674316, 0.10167012363672256, 0.10126148909330368, 0.09923583269119263, 0.09908454120159149, 0.10019582509994507, 0.10549823939800262, 0.10460881143808365], "MAPE_val": [92.89491271972656, 84.80818176269531, 84.09223175048828, 96.37931060791016, 95.71346282958984, 105.23046875, 105.15132904052734, 101.18168640136719, 101.62154388427734, 103.1690673828125, 102.19166564941406, 95.78667449951172, 133.15780639648438, 130.16563415527344, 130.296142578125, 137.57809448242188, 129.56918334960938, 100.93621063232422, 104.1076889038086, 110.68716430664062, 110.690185546875]}