{"MSE_train": [0.026828346773982048, 0.022532738745212555], "MAE_train": [0.0956849530339241, 0.08520933985710144], "MAPE_train": [184.78994750976562, 156.48658752441406], "MSE_val": [0.04094056040048599, 0.035756539553403854], "MAE_val": [0.12274566292762756, 0.11158594489097595], "MAPE_val": [1387.3377685546875, 1925.59033203125]}