{"MSE_train": [0.03382351994514465, 0.030456677079200745, 0.02628251723945141, 0.022928379476070404, 0.02796361781656742, 0.02265542931854725], "MAE_train": [0.11458050459623337, 0.10552885383367538, 0.09855178743600845, 0.0906323716044426, 0.10234486311674118, 0.09578413516283035], "MAPE_train": [270.8746337890625, 255.46270751953125, 271.3598327636719, 270.4657897949219, 272.919677734375, 280.5110168457031], "MSE_val": [0.03962255269289017, 0.03669534623622894, 0.03628232702612877, 0.03421313315629959, 0.038187168538570404, 0.035514965653419495], "MAE_val": [0.13464021682739258, 0.12597881257534027, 0.12205208092927933, 0.11907152086496353, 0.12917084991931915, 0.1248403936624527], "MAPE_val": [110.83838653564453, 110.39198303222656, 108.40821838378906, 101.0687026977539, 119.96295166015625, 103.29766082763672]}