{"MSE_train": [0.029300788417458534, 0.02505006082355976], "MAE_train": [0.10167668014764786, 0.08998758345842361], "MAPE_train": [101.5435562133789, 92.3423843383789], "MSE_val": [0.03454515337944031, 0.029244117438793182], "MAE_val": [0.12132145464420319, 0.107620969414711], "MAPE_val": [136.5211639404297, 124.89798736572266]}