{"MSE_train": [0.022987231612205505, 0.015215741470456123, 0.01584550365805626, 0.015029179863631725, 0.012249909341335297, 0.010388471186161041, 0.009664990939199924, 0.010656598955392838, 0.012207705527544022, 0.013121125288307667, 0.013184814713895321, 0.01295681856572628, 0.010380681604146957, 0.013921147212386131], "MAE_train": [0.10447613149881363, 0.0794321671128273, 0.07971928268671036, 0.07793539017438889, 0.07189643383026123, 0.06841716170310974, 0.06615345925092697, 0.0687817633152008, 0.07200959324836731, 0.07523917406797409, 0.07452943176031113, 0.07429026812314987, 0.06848594546318054, 0.07740149646997452], "MAPE_train": [212.6255645751953, 189.94482421875, 188.14794921875, 188.58502197265625, 180.63180541992188, 170.02601623535156, 157.9183807373047, 168.0988311767578, 176.08065795898438, 185.75230407714844, 185.04112243652344, 184.3868408203125, 178.54673767089844, 195.3046112060547], "MSE_val": [0.027380509302020073, 0.021746212616562843, 0.02177918143570423, 0.021282684057950974, 0.018530622124671936, 0.01771700009703636, 0.017589343711733818, 0.01940043643116951, 0.02044704742729664, 0.021398890763521194, 0.021385880187153816, 0.021702921018004417, 0.020498864352703094, 0.022329749539494514], "MAE_val": [0.11121365427970886, 0.09089431911706924, 0.09376862645149231, 0.0924624353647232, 0.08708678930997849, 0.0877729207277298, 0.08933285623788834, 0.09497124701738358, 0.09442901611328125, 0.09738192707300186, 0.09722741693258286, 0.09878542274236679, 0.09769314527511597, 0.10088005661964417], "MAPE_val": [85.20503234863281, 69.79557037353516, 70.45426177978516, 74.62017059326172, 76.13532257080078, 82.44293975830078, 85.1235580444336, 86.6932144165039, 90.22296905517578, 88.85224151611328, 87.38422393798828, 85.71531677246094, 87.29063415527344, 86.62431335449219]}