{"MSE_train": [0.026398561894893646, 0.02230159379541874, 0.021390650421380997, 0.021459585055708885, 0.019691357389092445, 0.018768537789583206, 0.01896866224706173, 0.01949312910437584, 0.021254872903227806, 0.02192855067551136], "MAE_train": [0.11042305082082748, 0.09601651132106781, 0.09256522357463837, 0.09290686994791031, 0.08812809735536575, 0.08627565205097198, 0.08829454332590103, 0.08933575451374054, 0.09251449257135391, 0.09441594034433365], "MAPE_train": [165.65557861328125, 134.71585083007812, 133.51541137695312, 128.6615447998047, 126.69416809082031, 127.07024383544922, 134.0500030517578, 133.64137268066406, 141.74400329589844, 140.8216094970703], "MSE_val": [0.029559697955846786, 0.02590767852962017, 0.02477346546947956, 0.024025732651352882, 0.022972149774432182, 0.02299785241484642, 0.025102274492383003, 0.02500109001994133, 0.02502974309027195, 0.026068685576319695], "MAE_val": [0.11984863132238388, 0.10528170317411423, 0.10031016916036606, 0.09954511374235153, 0.09650273621082306, 0.09676940739154816, 0.10169360041618347, 0.10173880308866501, 0.10317856818437576, 0.10657478123903275], "MAPE_val": [61.657745361328125, 64.70960235595703, 62.874473571777344, 58.51579284667969, 53.450828552246094, 53.1445426940918, 58.18922805786133, 59.978607177734375, 62.43494415283203, 62.835941314697266]}