{"MSE_train": [0.023655418306589127, 0.021510450169444084, 0.018243374302983284, 0.023049036040902138, 0.023661309853196144, 0.02208271250128746], "MAE_train": [0.10019829124212265, 0.09248829632997513, 0.0851498693227768, 0.09518250823020935, 0.09686329215765, 0.09374288469552994], "MAPE_train": [354.0583801269531, 445.92156982421875, 576.7207641601562, 587.0468139648438, 558.012939453125, 643.3609619140625], "MSE_val": [0.048547517508268356, 0.047642357647418976, 0.04556894674897194, 0.04689382389187813, 0.04581683501601219, 0.04664667323231697], "MAE_val": [0.14375784993171692, 0.142236590385437, 0.1392897665500641, 0.14342227578163147, 0.14091411232948303, 0.14271046221256256], "MAPE_val": [171.8041229248047, 180.10589599609375, 171.89256286621094, 191.6697998046875, 183.56886291503906, 181.2675018310547]}