{"MSE_train": [0.026828346773982048], "MAE_train": [0.0956849530339241], "MAPE_train": [184.78994750976562], "MSE_val": [0.04094056040048599], "MAE_val": [0.12274566292762756], "MAPE_val": [1387.3377685546875]}