{"MSE_train": [0.029300788417458534], "MAE_train": [0.10167668014764786], "MAPE_train": [101.5435562133789], "MSE_val": [0.03454515337944031], "MAE_val": [0.12132145464420319], "MAPE_val": [136.5211639404297]}