{"MSE_train": [0.029300788417458534, 0.02505006082355976, 0.024190714582800865, 0.020837007090449333, 0.02019890397787094, 0.020762909203767776, 0.02065241150557995, 0.018342209979891777, 0.019081976264715195, 0.02076498046517372, 0.019578097388148308, 0.018475424498319626], "MAE_train": [0.10167668014764786, 0.08998758345842361, 0.08834768831729889, 0.0817144587635994, 0.0805077999830246, 0.08348549157381058, 0.08287561684846878, 0.07882693409919739, 0.08181177079677582, 0.08348533511161804, 0.08315330743789673, 0.08021114021539688], "MAPE_train": [101.5435562133789, 92.3423843383789, 92.6854476928711, 85.80277252197266, 85.63148498535156, 89.6395034790039, 87.84925079345703, 83.26435852050781, 84.72887420654297, 88.07421112060547, 84.34829711914062, 82.12430572509766], "MSE_val": [0.03454515337944031, 0.029244117438793182, 0.02798541449010372, 0.026420719921588898, 0.025135597214102745, 0.02612723410129547, 0.026470139622688293, 0.026526719331741333, 0.028005437925457954, 0.02824344113469124, 0.028410309925675392, 0.029211657121777534], "MAE_val": [0.12132145464420319, 0.107620969414711, 0.10638471692800522, 0.10896988958120346, 0.10434660315513611, 0.10458286851644516, 0.10528895258903503, 0.10638023167848587, 0.11004634201526642, 0.10761423408985138, 0.11024913936853409, 0.11270133405923843], "MAPE_val": [136.5211639404297, 124.89798736572266, 127.37018585205078, 118.7246322631836, 115.45950317382812, 117.9332275390625, 115.32992553710938, 109.17280578613281, 113.87699890136719, 117.8464584350586, 118.54436492919922, 123.45100402832031]}