{"MSE_train": [0.022987231612205505, 0.015215741470456123, 0.01584550365805626, 0.015029179863631725, 0.012249909341335297, 0.010388471186161041], "MAE_train": [0.10447613149881363, 0.0794321671128273, 0.07971928268671036, 0.07793539017438889, 0.07189643383026123, 0.06841716170310974], "MAPE_train": [212.6255645751953, 189.94482421875, 188.14794921875, 188.58502197265625, 180.63180541992188, 170.02601623535156], "MSE_val": [0.027380509302020073, 0.021746212616562843, 0.02177918143570423, 0.021282684057950974, 0.018530622124671936, 0.01771700009703636], "MAE_val": [0.11121365427970886, 0.09089431911706924, 0.09376862645149231, 0.0924624353647232, 0.08708678930997849, 0.0877729207277298], "MAPE_val": [85.20503234863281, 69.79557037353516, 70.45426177978516, 74.62017059326172, 76.13532257080078, 82.44293975830078]}