{"MSE_train": [0.005004236940294504], "MAE_train": [0.042394381016492844], "MAPE_train": [90.10725402832031], "MSE_val": [0.009797719307243824], "MAE_val": [0.06164034828543663], "MAPE_val": [118.17816925048828]}