{"MSE_train": [0.018595382571220398, 0.010440429672598839], "MAE_train": [0.09492411464452744, 0.06661377847194672], "MAPE_train": [178.77845764160156, 128.21853637695312], "MSE_val": [0.027084410190582275, 0.014117595739662647], "MAE_val": [0.11228685826063156, 0.07771099358797073], "MAPE_val": [211.0255584716797, 125.83213806152344]}