{"MSE_train": [0.005004236940294504, 0.005734603386372328, 0.005523047875612974, 0.005799477454274893, 0.0062973834574222565, 0.006663213949650526, 0.006355741992592812], "MAE_train": [0.042394381016492844, 0.04594097658991814, 0.044820401817560196, 0.04636562988162041, 0.04706190899014473, 0.04908841848373413, 0.04812385141849518], "MAPE_train": [90.10725402832031, 97.12141418457031, 93.17711639404297, 96.55296325683594, 98.94967651367188, 101.9113540649414, 99.38736724853516], "MSE_val": [0.009797719307243824, 0.010593187063932419, 0.010298533365130424, 0.010552352294325829, 0.01011389959603548, 0.009958303533494473, 0.010508239269256592], "MAE_val": [0.06164034828543663, 0.06394889950752258, 0.062873475253582, 0.06455327570438385, 0.06297175586223602, 0.06238866224884987, 0.06477262824773788], "MAPE_val": [118.17816925048828, 139.36178588867188, 125.77461242675781, 137.7404022216797, 122.20947265625, 112.68254852294922, 122.11180114746094]}