{"MSE_train": [0.008636612445116043, 0.008356533944606781, 0.007760220672935247, 0.007375132758170366, 0.0073752813041210175, 0.006621058564633131, 0.006080307997763157, 0.0064356084913015366, 0.006043754518032074, 0.0056799473240971565, 0.006087582092732191], "MAE_train": [0.06006225198507309, 0.05733418092131615, 0.055059462785720825, 0.0530242957174778, 0.05282936245203018, 0.04973098263144493, 0.04751637578010559, 0.04885052889585495, 0.04806411266326904, 0.04577825963497162, 0.04740460589528084], "MAPE_train": [116.57389831542969, 116.11675262451172, 110.73747253417969, 106.09477233886719, 103.87373352050781, 100.9961166381836, 97.92071533203125, 98.12130737304688, 95.02179718017578, 92.86026000976562, 93.32707214355469], "MSE_val": [0.011778447777032852, 0.011056479997932911, 0.011598410084843636, 0.010819057933986187, 0.010831969790160656, 0.010187026113271713, 0.009457264095544815, 0.009757199324667454, 0.009468515403568745, 0.00922778807580471, 0.009335504844784737], "MAE_val": [0.07022035121917725, 0.06725601106882095, 0.06820730865001678, 0.06521133333444595, 0.06500262767076492, 0.06313694268465042, 0.060392919927835464, 0.0623772107064724, 0.06139850616455078, 0.05969645455479622, 0.05994045361876488], "MAPE_val": [131.54786682128906, 132.55625915527344, 143.45533752441406, 153.75283813476562, 131.18154907226562, 134.29444885253906, 115.11979675292969, 153.50502014160156, 148.6714324951172, 122.6693115234375, 118.62242126464844]}