{"MSE_train": [0.018595382571220398], "MAE_train": [0.09492411464452744], "MAPE_train": [178.77845764160156], "MSE_val": [0.027084410190582275], "MAE_val": [0.11228685826063156], "MAPE_val": [211.0255584716797]}