{"MSE_train": [0.005004236940294504, 0.005734603386372328], "MAE_train": [0.042394381016492844, 0.04594097658991814], "MAPE_train": [90.10725402832031, 97.12141418457031], "MSE_val": [0.009797719307243824, 0.010593187063932419], "MAE_val": [0.06164034828543663, 0.06394889950752258], "MAPE_val": [118.17816925048828, 139.36178588867188]}