{"MSE_train": [0.008636612445116043], "MAE_train": [0.06006225198507309], "MAPE_train": [116.57389831542969], "MSE_val": [0.011778447777032852], "MAE_val": [0.07022035121917725], "MAPE_val": [131.54786682128906]}