{"MSE_train": [0.008636612445116043, 0.008356533944606781, 0.007760220672935247], "MAE_train": [0.06006225198507309, 0.05733418092131615, 0.055059462785720825], "MAPE_train": [116.57389831542969, 116.11675262451172, 110.73747253417969], "MSE_val": [0.011778447777032852, 0.011056479997932911, 0.011598410084843636], "MAE_val": [0.07022035121917725, 0.06725601106882095, 0.06820730865001678], "MAPE_val": [131.54786682128906, 132.55625915527344, 143.45533752441406]}