{"MSE_train": [0.017886932939291, 0.010125602595508099, 0.00833630096167326, 0.008120539598166943, 0.008029520511627197, 0.0068590762093663216, 0.006441098637878895], "MAE_train": [0.0929994061589241, 0.06578227877616882, 0.057104263454675674, 0.055970195680856705, 0.05531499907374382, 0.0520729124546051, 0.04933132976293564], "MAPE_train": [179.69012451171875, 124.95756530761719, 117.29485321044922, 112.30371856689453, 108.42476654052734, 100.78949737548828, 98.13678741455078], "MSE_val": [0.026205705478787422, 0.013997957110404968, 0.011610335670411587, 0.011147798970341682, 0.01170265767723322, 0.010758154094219208, 0.010564510710537434], "MAE_val": [0.11161928623914719, 0.0779825821518898, 0.06909791380167007, 0.06659062951803207, 0.06840665638446808, 0.06464317440986633, 0.06445181369781494], "MAPE_val": [203.88739013671875, 123.87393188476562, 117.02456665039062, 123.22235870361328, 132.57534790039062, 129.5983123779297, 161.03811645507812]}