{"MSE_train": [0.017886932939291], "MAE_train": [0.0929994061589241], "MAPE_train": [179.69012451171875], "MSE_val": [0.026205705478787422], "MAE_val": [0.11161928623914719], "MAPE_val": [203.88739013671875]}