{"MSE_train": [0.017886932939291, 0.010125602595508099, 0.00833630096167326, 0.008120539598166943, 0.008029520511627197, 0.0068590762093663216, 0.006441098637878895, 0.005943861790001392, 0.006094521377235651, 0.005984347313642502, 0.005387852434068918], "MAE_train": [0.0929994061589241, 0.06578227877616882, 0.057104263454675674, 0.055970195680856705, 0.05531499907374382, 0.0520729124546051, 0.04933132976293564, 0.047471560537815094, 0.04860012233257294, 0.04714157059788704, 0.04581119865179062], "MAPE_train": [179.69012451171875, 124.95756530761719, 117.29485321044922, 112.30371856689453, 108.42476654052734, 100.78949737548828, 98.13678741455078, 97.28358459472656, 96.23922729492188, 100.93388366699219, 91.83680725097656], "MSE_val": [0.026205705478787422, 0.013997957110404968, 0.011610335670411587, 0.011147798970341682, 0.01170265767723322, 0.010758154094219208, 0.010564510710537434, 0.009812613017857075, 0.009594237431883812, 0.009614331647753716, 0.009171920828521252], "MAE_val": [0.11161928623914719, 0.0779825821518898, 0.06909791380167007, 0.06659062951803207, 0.06840665638446808, 0.06464317440986633, 0.06445181369781494, 0.06185610964894295, 0.06147873401641846, 0.0607348270714283, 0.059785742312669754], "MAPE_val": [203.88739013671875, 123.87393188476562, 117.02456665039062, 123.22235870361328, 132.57534790039062, 129.5983123779297, 161.03811645507812, 130.31109619140625, 165.52139282226562, 135.57310485839844, 158.3814239501953]}