{"MSE_train": [0.017886932939291, 0.010125602595508099], "MAE_train": [0.0929994061589241, 0.06578227877616882], "MAPE_train": [179.69012451171875, 124.95756530761719], "MSE_val": [0.026205705478787422, 0.013997957110404968], "MAE_val": [0.11161928623914719, 0.0779825821518898], "MAPE_val": [203.88739013671875, 123.87393188476562]}