{"MSE_train": [0.017886932939291, 0.010125602595508099, 0.00833630096167326, 0.008120539598166943, 0.008029520511627197, 0.0068590762093663216, 0.006441098637878895, 0.005943861790001392, 0.006094521377235651, 0.005984347313642502, 0.005387852434068918, 0.005310601554811001, 0.0047479672357439995, 0.005033557303249836, 0.005472526419907808, 0.005486995913088322, 0.005135416053235531, 0.005797503981739283, 0.005604955833405256, 0.0054086074233055115, 0.005135402549058199, 0.004933120682835579, 0.006543995346873999, 0.0058149304240942, 0.0061677428893744946], "MAE_train": [0.0929994061589241, 0.06578227877616882, 0.057104263454675674, 0.055970195680856705, 0.05531499907374382, 0.0520729124546051, 0.04933132976293564, 0.047471560537815094, 0.04860012233257294, 0.04714157059788704, 0.04581119865179062, 0.044989213347435, 0.04178401082754135, 0.043114446103572845, 0.04496557638049126, 0.044287361204624176, 0.042678285390138626, 0.0448860339820385, 0.045386847108602524, 0.04453063756227493, 0.04479461535811424, 0.0422920361161232, 0.048323854804039, 0.04598809406161308, 0.04796241968870163], "MAPE_train": [179.69012451171875, 124.95756530761719, 117.29485321044922, 112.30371856689453, 108.42476654052734, 100.78949737548828, 98.13678741455078, 97.28358459472656, 96.23922729492188, 100.93388366699219, 91.83680725097656, 95.1333236694336, 87.41140747070312, 92.39132690429688, 90.92264556884766, 90.83624267578125, 91.02836608886719, 95.90543365478516, 97.58662414550781, 95.29292297363281, 93.9709701538086, 88.91209411621094, 99.64854431152344, 98.19103240966797, 99.53228759765625], "MSE_val": [0.026205705478787422, 0.013997957110404968, 0.011610335670411587, 0.011147798970341682, 0.01170265767723322, 0.010758154094219208, 0.010564510710537434, 0.009812613017857075, 0.009594237431883812, 0.009614331647753716, 0.009171920828521252, 0.009195396676659584, 0.008956462144851685, 0.008973659947514534, 0.00921424850821495, 0.009456432424485683, 0.009568136185407639, 0.00960791576653719, 0.01010799314826727, 0.00994593184441328, 0.010368474759161472, 0.010601244866847992, 0.010544011369347572, 0.010505245067179203, 0.010852538049221039], "MAE_val": [0.11161928623914719, 0.0779825821518898, 0.06909791380167007, 0.06659062951803207, 0.06840665638446808, 0.06464317440986633, 0.06445181369781494, 0.06185610964894295, 0.06147873401641846, 0.0607348270714283, 0.059785742312669754, 0.06015799939632416, 0.05858701094985008, 0.058794986456632614, 0.05937835946679115, 0.06004921346902847, 0.06011148542165756, 0.06027425080537796, 0.06195719167590141, 0.06115628406405449, 0.06315743923187256, 0.06270214915275574, 0.06332722306251526, 0.06312227249145508, 0.0658513754606247], "MAPE_val": [203.88739013671875, 123.87393188476562, 117.02456665039062, 123.22235870361328, 132.57534790039062, 129.5983123779297, 161.03811645507812, 130.31109619140625, 165.52139282226562, 135.57310485839844, 158.3814239501953, 130.14334106445312, 112.59257507324219, 117.3436279296875, 125.18346405029297, 126.49262237548828, 120.86839294433594, 118.25650024414062, 126.53330993652344, 123.08592224121094, 132.8353271484375, 113.01844024658203, 127.24038696289062, 131.65919494628906, 134.82534790039062]}