{"MSE_train": [0.017886932939291, 0.010125602595508099, 0.00833630096167326], "MAE_train": [0.0929994061589241, 0.06578227877616882, 0.057104263454675674], "MAPE_train": [179.69012451171875, 124.95756530761719, 117.29485321044922], "MSE_val": [0.026205705478787422, 0.013997957110404968, 0.011610335670411587], "MAE_val": [0.11161928623914719, 0.0779825821518898, 0.06909791380167007], "MAPE_val": [203.88739013671875, 123.87393188476562, 117.02456665039062]}