{"loss": [0.03351438790559769, 0.02715291827917099, 0.020755140110850334, 0.023197250440716743, 0.018440524116158485, 0.014968187548220158, 0.014226630330085754, 0.013863567262887955, 0.013351556845009327, 0.012832083739340305, 0.012650047428905964, 0.012554376386106014, 0.011699914000928402, 0.011236828751862049, 0.010880566202104092, 0.01111261360347271, 0.01193989161401987, 0.011874406598508358, 0.01151186041533947, 0.010862746275961399, 0.01075015775859356, 0.010470855981111526, 0.011418933980166912, 0.009843382053077221, 0.010236241854727268, 0.009714637883007526, 0.010042647831141949, 0.00907935295253992, 0.008183198049664497, 0.008010282181203365, 0.007654757238924503, 0.0074172369204461575, 0.0073953052051365376, 0.007554174866527319, 0.007783820852637291, 0.006722722202539444, 0.006446900311857462, 0.006260471884161234, 0.006163953337818384, 0.0060478090308606625, 0.005956739652901888, 0.005938356276601553, 0.00587875721976161, 0.005841629114001989, 0.005922634620219469, 0.005621932912617922, 0.005397985689342022, 0.005244792439043522, 0.005147810094058514, 0.005087517201900482, 0.005045474506914616, 0.004972295369952917, 0.0049247657880187035, 0.004882035311311483, 0.004844506736844778, 0.004796010907739401], "val_loss": [0.06861130148172379, 0.11895939707756042, 0.10414113104343414, 0.04729236662387848, 0.036508556455373764, 0.04168194904923439, 0.04357963800430298, 0.03704805672168732, 0.031813569366931915, 0.03269544616341591, 0.031788330525159836, 0.030750155448913574, 0.032402154058218, 0.03420223668217659, 0.030258938670158386, 0.030032167211174965, 0.037796471267938614, 0.033443763852119446, 0.02820669300854206, 0.027589835226535797, 0.03349664807319641, 0.03545243665575981, 0.025997770950198174, 0.028752721846103668, 0.03567932918667793, 0.02811991609632969, 0.032243527472019196, 0.02022067829966545, 0.019093627110123634, 0.016232846304774284, 0.01830059103667736, 0.016298312693834305, 0.017543261870741844, 0.01927015744149685, 0.013247542083263397, 0.012860424816608429, 0.012769379653036594, 0.012767710722982883, 0.012698300182819366, 0.012621339410543442, 0.012478405609726906, 0.012706876732409, 0.012731590308248997, 0.013013842515647411, 0.013759142719209194, 0.01194198988378048, 0.011878225952386856, 0.011901299469172955, 0.011719325557351112, 0.01176560390740633, 0.011686180718243122, 0.011586233042180538, 0.011671170592308044, 0.011825397610664368, 0.01174994371831417, 0.01191011629998684]}