{"loss": [0.0105865728110075, 0.009540081955492496, 0.006939283572137356], "val_loss": [0.05477185919880867, 0.07467716187238693, 0.09312758594751358]}