{"loss": [0.03404530510306358, 0.02993098646402359, 0.024939052760601044, 0.021897226572036743, 0.025466810911893845, 0.021265823394060135, 0.02013924904167652, 0.01919969730079174, 0.01757710985839367, 0.01607106626033783, 0.01634715124964714, 0.01600705087184906, 0.016224302351474762, 0.015521417371928692, 0.015393420122563839, 0.014422411099076271, 0.013987121172249317, 0.013631349429488182, 0.013214676640927792, 0.013033472932875156, 0.012803126126527786, 0.012694571167230606, 0.012472596950829029, 0.012392181903123856, 0.012087722308933735, 0.011803979985415936, 0.011654208414256573, 0.011589417234063148, 0.011450991965830326], "val_loss": [0.0837082639336586, 0.058195482939481735, 0.08027265220880508, 0.07802627980709076, 0.04558534175157547, 0.04493698477745056, 0.04661877453327179, 0.033247433602809906, 0.0343170166015625, 0.03048119507730007, 0.03772500529885292, 0.04575254023075104, 0.030874252319335938, 0.032861802726984024, 0.02275979332625866, 0.02397310547530651, 0.022104360163211823, 0.0211473535746336, 0.021506311371922493, 0.02144407108426094, 0.019630340859293938, 0.02265159972012043, 0.019327441230416298, 0.01908344216644764, 0.022360699251294136, 0.021539052948355675, 0.020764583721756935, 0.023273030295968056, 0.021097736433148384]}