{"loss": [0.011336994357407093, 0.011266449466347694], "val_loss": [0.11763883382081985, 0.1067337766289711]}