{"loss": [0.199305921792984, 0.10494882613420486, 0.09971585869789124, 0.09848286956548691, 0.0983937457203865, 0.09852086752653122, 0.09864325821399689, 0.09872129559516907, 0.09876827895641327, 0.09879380464553833, 0.09880698472261429, 0.09881783276796341, 0.09881757944822311, 0.09882127493619919, 0.0988219827413559, 0.09882263839244843, 0.09882353246212006, 0.09882315993309021, 0.09882351756095886, 0.09882493317127228], "val_loss": [0.19499316811561584, 0.16432324051856995, 0.14863264560699463, 0.14074063301086426, 0.13673186302185059, 0.13466253876686096, 0.13358250260353088, 0.13301271200180054, 0.13270917534828186, 0.13254763185977936, 0.13246135413646698, 0.1324155330657959, 0.132390558719635, 0.1323777735233307, 0.13237044215202332, 0.13236679136753082, 0.13236480951309204, 0.1323636770248413, 0.13236290216445923, 0.13236288726329803]}