{"loss": [0.061569709330797195, 0.034717924892902374, 0.020764049142599106, 0.01797512359917164, 0.016393935307860374, 0.015272172167897224, 0.014397059567272663, 0.01367756724357605, 0.01306176744401455, 0.012522213160991669, 0.012047797441482544, 0.011629205197095871, 0.011260650120675564, 0.010937639512121677, 0.01065379660576582, 0.01040722243487835, 0.010190801694989204, 0.010000399313867092, 0.009829709306359291, 0.009675093926489353, 0.009532765485346317, 0.009401394054293633, 0.00927827600389719, 0.009162853471934795, 0.009054013527929783, 0.00895076896995306, 0.008852868340909481, 0.008758791722357273, 0.008668196387588978, 0.008580680005252361, 0.008496110327541828, 0.008413913659751415, 0.008334292098879814, 0.008256275206804276, 0.00818067416548729, 0.008106134831905365, 0.00803395640105009, 0.00796277541667223, 0.007893352769315243, 0.007824717089533806, 0.007757420185953379, 0.0076903062872588634, 0.007625208236277103, 0.007561305072158575, 0.007498845923691988, 0.007437705993652344, 0.007378270849585533, 0.007319547701627016, 0.007262823637574911, 0.007206253241747618, 0.00715102581307292, 0.007096685003489256, 0.007042875047773123, 0.0069892206229269505, 0.006937418598681688, 0.006885414011776447, 0.0068349833600223064, 0.00678502582013607, 0.0067357406951487064, 0.006688375025987625, 0.006641360931098461, 0.006595701910555363, 0.006550774443894625, 0.006506351288408041, 0.0064629074186086655, 0.006419082637876272, 0.006375611759722233, 0.006331246346235275, 0.0062874723225831985, 0.006243158131837845], "val_loss": [0.06891319155693054, 0.03354606777429581, 0.024667277932167053, 0.02155059017241001, 0.019504200667142868, 0.018196459859609604, 0.017292939126491547, 0.01656045950949192, 0.01592382974922657, 0.015367862768471241, 0.01488231960684061, 0.014460049569606781, 0.014088422991335392, 0.01375813689082861, 0.013463042676448822, 0.013196536339819431, 0.01295784953981638, 0.01274886168539524, 0.012553289532661438, 0.012379185296595097, 0.012219687923789024, 0.012071555480360985, 0.011940045282244682, 0.01181126944720745, 0.011694338172674179, 0.011588111519813538, 0.011482211761176586, 0.011383933946490288, 0.01128540001809597, 0.011195125989615917, 0.011108393780887127, 0.011024684645235538, 0.010941564105451107, 0.010861988179385662, 0.010783510282635689, 0.010706637054681778, 0.010635605081915855, 0.010569930076599121, 0.010500028729438782, 0.010431540198624134, 0.010369361378252506, 0.0103069506585598, 0.010251515544950962, 0.01019263919442892, 0.010139517486095428, 0.01009401772171259, 0.010047852993011475, 0.010006757453083992, 0.009966917335987091, 0.009930447675287724, 0.009896205738186836, 0.009868253953754902, 0.009839078411459923, 0.009814237244427204, 0.009788905270397663, 0.009770871140062809, 0.009755236096680164, 0.009742839261889458, 0.009731064550578594, 0.0097295381128788, 0.00972997397184372, 0.009731938131153584, 0.009738885797560215, 0.009753910824656487, 0.009774114936590195, 0.009793436154723167, 0.009808607399463654, 0.009822063148021698, 0.009825107641518116, 0.00982922688126564]}