{"MSE_train": [0.03818194940686226], "MAE_train": [0.14441397786140442], "MAPE_train": [284.9441223144531], "MSE_val": [0.04398677870631218], "MAE_val": [0.15687105059623718], "MAPE_val": [307.20355224609375]}