{"MSE_train": [0.03818194940686226, 0.02808069996535778, 0.02447465807199478, 0.026037687435746193, 0.024612130597233772], "MAE_train": [0.14441397786140442, 0.11016318202018738, 0.10281210392713547, 0.10605935752391815, 0.10701119154691696], "MAPE_train": [284.9441223144531, 217.1288604736328, 207.50782775878906, 211.50328063964844, 209.49151611328125], "MSE_val": [0.04398677870631218, 0.03203252702951431, 0.02950538881123066, 0.029051559045910835, 0.028575098142027855], "MAE_val": [0.15687105059623718, 0.11894425004720688, 0.11291758716106415, 0.1151939332485199, 0.11909229308366776], "MAPE_val": [307.20355224609375, 222.92613220214844, 232.27853393554688, 214.06753540039062, 225.2257080078125]}