{"MSE_train": [0.03818194940686226, 0.02808069996535778], "MAE_train": [0.14441397786140442, 0.11016318202018738], "MAPE_train": [284.9441223144531, 217.1288604736328], "MSE_val": [0.04398677870631218, 0.03203252702951431], "MAE_val": [0.15687105059623718, 0.11894425004720688], "MAPE_val": [307.20355224609375, 222.92613220214844]}