{"loss": [2.040678024291992, 0.1254759132862091, 0.11913971602916718, 0.11383865773677826, 0.1096728965640068, 0.1064859926700592, 0.10413949936628342, 0.1024651899933815, 0.10128471255302429, 0.10045401006937027, 0.09989221394062042], "val_loss": [7.61292839050293, 0.22584165632724762, 0.21183516085147858, 0.19933120906352997, 0.1884468048810959, 0.17918100953102112, 0.17143791913986206, 0.16504190862178802, 0.15979117155075073, 0.15550300478935242, 0.15201593935489655]}