{"loss": [0.31091243028640747, 0.09653128683567047, 0.09772977232933044, 0.09782299399375916, 0.09782710671424866, 0.09782379120588303, 0.09782335162162781, 0.09782270342111588, 0.09782272577285767, 0.09782223403453827, 0.10181830078363419, 0.09917386621236801, 0.0988306924700737, 0.09873606264591217, 0.10013401508331299, 0.09928979724645615, 0.09899620711803436, 0.09888357669115067, 0.09919214993715286, 0.09900277853012085, 0.0988953709602356, 0.09883218258619308, 0.09885284304618835, 0.09880626201629639, 0.09877178817987442, 0.09874603897333145, 0.09872227162122726, 0.09870797395706177], "val_loss": [0.1247125044465065, 0.11346599459648132, 0.11159756034612656, 0.110935278236866, 0.11066798865795135, 0.11055906116962433, 0.11051621288061142, 0.11050020158290863, 0.11056201159954071, 0.11060245335102081, 0.11980326473712921, 0.12171457707881927, 0.13571642339229584, 0.1282588541507721, 0.1327991932630539, 0.13489817082881927, 0.1357700228691101, 0.12987826764583588, 0.1315237283706665, 0.13262082636356354, 0.13335026800632477, 0.1338307112455368, 0.13444730639457703, 0.13495104014873505, 0.1353614181280136, 0.13569492101669312, 0.1359548419713974, 0.13618995249271393]}