{"loss": [27325.21484375, 0.7794052362442017, 0.16117484867572784, 0.12172068655490875, 0.10644978284835815, 0.09992047399282455, 0.09865210950374603, 0.09825893491506577, 0.09809785336256027, 0.09940130263566971, 0.09858923405408859, 0.09795968979597092, 0.09737537056207657, 0.10083669424057007, 0.0980762243270874, 0.09753867238759995, 0.09737009555101395, 0.10179710388183594, 0.09890084713697433, 0.09859400987625122, 0.09856760501861572], "val_loss": [12.221511840820312, 12.304216384887695, 12.338252067565918, 12.366186141967773, 12.380115509033203, 12.381645202636719, 12.380633354187012, 12.382143020629883, 12.380626678466797, 12.377901077270508, 12.373312950134277, 12.374846458435059, 12.368046760559082, 12.374178886413574, 12.3737154006958, 12.372771263122559, 12.376687049865723, 12.3869047164917, 12.388875961303711, 12.382137298583984, 12.390727043151855]}