{"loss": [0.039496514946222305, 0.018342316150665283, 0.0143748689442873, 0.013303526677191257, 0.01208309456706047, 0.011169703677296638, 0.010547861456871033, 0.00997849926352501, 0.009370137937366962, 0.009074103087186813], "val_loss": [0.051193736493587494, 0.02760183811187744, 0.02225777879357338, 0.018570028245449066, 0.018589582294225693, 0.01565318927168846, 0.015385378152132034, 0.01377597451210022, 0.013441964983940125, 0.012570379301905632]}