{"loss": [0.03351438790559769, 0.02715291827917099, 0.020755140110850334, 0.023197250440716743, 0.018440524116158485, 0.014968187548220158, 0.014226630330085754, 0.013863567262887955, 0.013351556845009327, 0.012832083739340305, 0.012650047428905964, 0.012554376386106014, 0.011699914000928402, 0.011236828751862049, 0.010880566202104092, 0.01111261360347271, 0.01193989161401987, 0.011874406598508358, 0.01151186041533947, 0.010862746275961399, 0.01075015775859356, 0.010470855981111526, 0.011418933980166912, 0.009843382053077221, 0.010236241854727268, 0.009714637883007526, 0.010042647831141949, 0.00907935295253992, 0.008183198049664497, 0.008010282181203365, 0.007654757238924503, 0.0074172369204461575, 0.0073953052051365376, 0.007554174866527319, 0.007783820852637291, 0.006722722202539444, 0.006446900311857462, 0.006260471884161234, 0.006163953337818384, 0.0060478090308606625, 0.005956739652901888, 0.005938356276601553, 0.00587875721976161, 0.005841629114001989, 0.005922634620219469, 0.005621932912617922, 0.005397985689342022, 0.005244792439043522, 0.005147810094058514, 0.005087517201900482, 0.005045474506914616, 0.004972295369952917, 0.0049247657880187035, 0.004882035311311483, 0.004844506736844778, 0.004796010907739401, 0.004693466704338789, 0.004619556944817305, 0.0045851049944758415, 0.004548233933746815, 0.004530922044068575, 0.004495553206652403, 0.004472787957638502, 0.004451728891581297, 0.004432537127286196, 0.004413730464875698, 0.00442973617464304, 0.0043989815749228, 0.004383640363812447, 0.004370210692286491, 0.004357896279543638, 0.0043829805217683315, 0.004352787043899298, 0.004342561587691307, 0.004333907272666693, 0.00434796093031764, 0.004322998225688934, 0.004317434970289469, 0.004312730859965086, 0.0043151527643203735, 0.004302850924432278, 0.004299543797969818, 0.004297155886888504, 0.004295236896723509, 0.004291168879717588, 0.004289234522730112, 0.004287862218916416, 0.004286639858037233, 0.004285608418285847], "val_loss": [0.06861130148172379, 0.11895939707756042, 0.10414113104343414, 0.04729236662387848, 0.036508556455373764, 0.04168194904923439, 0.04357963800430298, 0.03704805672168732, 0.031813569366931915, 0.03269544616341591, 0.031788330525159836, 0.030750155448913574, 0.032402154058218, 0.03420223668217659, 0.030258938670158386, 0.030032167211174965, 0.037796471267938614, 0.033443763852119446, 0.02820669300854206, 0.027589835226535797, 0.03349664807319641, 0.03545243665575981, 0.025997770950198174, 0.028752721846103668, 0.03567932918667793, 0.02811991609632969, 0.032243527472019196, 0.02022067829966545, 0.019093627110123634, 0.016232846304774284, 0.01830059103667736, 0.016298312693834305, 0.017543261870741844, 0.01927015744149685, 0.013247542083263397, 0.012860424816608429, 0.012769379653036594, 0.012767710722982883, 0.012698300182819366, 0.012621339410543442, 0.012478405609726906, 0.012706876732409, 0.012731590308248997, 0.013013842515647411, 0.013759142719209194, 0.01194198988378048, 0.011878225952386856, 0.011901299469172955, 0.011719325557351112, 0.01176560390740633, 0.011686180718243122, 0.011586233042180538, 0.011671170592308044, 0.011825397610664368, 0.01174994371831417, 0.01191011629998684, 0.011627395637333393, 0.011656572110950947, 0.011611913330852985, 0.011621503159403801, 0.011507638730108738, 0.011468382552266121, 0.011453581973910332, 0.011416797526180744, 0.01140967570245266, 0.011390870437026024, 0.011345512233674526, 0.011339790187776089, 0.011335375718772411, 0.011331647634506226, 0.011324099265038967, 0.011278478428721428, 0.011275104247033596, 0.011271952651441097, 0.011271233670413494, 0.011267974972724915, 0.011268910020589828, 0.01126843225210905, 0.011267480440437794, 0.011286839842796326, 0.011288827285170555, 0.011288759298622608, 0.011287984438240528, 0.011300389654934406, 0.011304784566164017, 0.01130607444792986, 0.011306040920317173, 0.011305768974125385, 0.011305853724479675]}