{"loss": [0.010323911905288696, 0.00836090836673975, 0.007558325305581093, 0.006965296808630228, 0.006744701415300369], "val_loss": [0.06575843691825867, 0.18239808082580566, 0.17842413485050201, 0.17144057154655457, 0.1401834636926651]}