{"loss": [0.011785242706537247, 0.009209061972796917, 0.00912170298397541, 0.01008622720837593, 0.008902695961296558, 0.010501750744879246, 0.009989350102841854, 0.00923091173171997, 0.010180563665926456, 0.010750378482043743, 0.009530122391879559, 0.011854625307023525, 0.010217521339654922], "val_loss": [0.2831191122531891, 0.3032445013523102, 0.19445693492889404, 0.23539851605892181, 0.2884022891521454, 0.057818688452243805, 0.10946223139762878, 0.10688658058643341, 0.08742430061101913, 0.05545805022120476, 0.11888962984085083, 0.16560135781764984, 0.12572243809700012]}