{"loss": [0.014319398440420628, 0.010427659377455711, 0.011529460549354553, 0.009929529391229153], "val_loss": [0.07900085300207138, 0.12139228731393814, 0.14499102532863617, 0.14813047647476196]}