{"loss": [0.07962168008089066, 0.029541194438934326, 0.011506514623761177, 0.014092056080698967, 0.010655405931174755, 0.009784316644072533, 0.007933276705443859, 0.009728440083563328, 0.008035811595618725, 0.008067534305155277], "val_loss": [0.26227930188179016, 0.1647118628025055, 0.1540914624929428, 0.17326118052005768, 0.11731744557619095, 0.09069205820560455, 0.11757204681634903, 0.10344552993774414, 0.1311606615781784, 0.18890291452407837]}