{"MSE_train": [0.006606694310903549, 0.00527473958209157, 0.004320897161960602, 0.004877731204032898, 0.005915616638958454, 0.0050118244253098965], "MAE_train": [0.053032778203487396, 0.04633525013923645, 0.04301479086279869, 0.045579638332128525, 0.04881902411580086, 0.04728533700108528], "MAPE_train": [105.83715057373047, 89.51607513427734, 83.6673355102539, 85.87467193603516, 93.87979888916016, 95.10401153564453], "MSE_val": [0.01302057970315218, 0.010503494180738926, 0.009870581328868866, 0.012286962941288948, 0.012451260350644588, 0.01239714864641428], "MAE_val": [0.07327623665332794, 0.06231057643890381, 0.060166481882333755, 0.06714927405118942, 0.0704517588019371, 0.0707741379737854], "MAPE_val": [146.01937866210938, 112.17018127441406, 102.2269058227539, 106.75423431396484, 140.0330047607422, 130.19677734375]}