{"MSE_train": [0.006606694310903549], "MAE_train": [0.053032778203487396], "MAPE_train": [105.83715057373047], "MSE_val": [0.01302057970315218], "MAE_val": [0.07327623665332794], "MAPE_val": [146.01937866210938]}