{"MSE_train": [0.006606694310903549, 0.00527473958209157, 0.004320897161960602, 0.004877731204032898, 0.005915616638958454, 0.0050118244253098965, 0.007823662832379341, 0.0061258175410330296, 0.00710625946521759, 0.007676657754927874, 0.006646810099482536, 0.0063700489699840546, 0.005737746134400368, 0.006647858768701553, 0.009212731383740902, 0.0064846123568713665, 0.006964173633605242, 0.006655186414718628, 0.00756476866081357, 0.00847395695745945, 0.008536498062312603, 0.006455991882830858], "MAE_train": [0.053032778203487396, 0.04633525013923645, 0.04301479086279869, 0.045579638332128525, 0.04881902411580086, 0.04728533700108528, 0.059105124324560165, 0.050686076283454895, 0.0568193718791008, 0.05777701735496521, 0.05130850523710251, 0.0512118935585022, 0.05007731169462204, 0.05353831127285957, 0.06383011490106583, 0.05171574652194977, 0.05353837087750435, 0.053214408457279205, 0.058186642825603485, 0.06219181790947914, 0.06310120970010757, 0.05413791909813881], "MAPE_train": [105.83715057373047, 89.51607513427734, 83.6673355102539, 85.87467193603516, 93.87979888916016, 95.10401153564453, 118.6325912475586, 100.26685333251953, 114.68297576904297, 117.80854797363281, 103.27980041503906, 106.41539001464844, 105.18680572509766, 109.60967254638672, 123.33619689941406, 104.28334045410156, 107.96803283691406, 105.11351013183594, 114.4007568359375, 127.39167785644531, 119.57144927978516, 109.78471374511719], "MSE_val": [0.01302057970315218, 0.010503494180738926, 0.009870581328868866, 0.012286962941288948, 0.012451260350644588, 0.01239714864641428, 0.013305575586855412, 0.012116530910134315, 0.012285033240914345, 0.012773623690009117, 0.011588911525905132, 0.012412197887897491, 0.011950857937335968, 0.011959857307374477, 0.012246206402778625, 0.010521202348172665, 0.011976824142038822, 0.01225860882550478, 0.012654092162847519, 0.013302844017744064, 0.012844380922615528, 0.012486014515161514], "MAE_val": [0.07327623665332794, 0.06231057643890381, 0.060166481882333755, 0.06714927405118942, 0.0704517588019371, 0.0707741379737854, 0.0752808153629303, 0.06860107183456421, 0.07248272001743317, 0.07198458164930344, 0.06640420109033585, 0.06937825679779053, 0.06966552883386612, 0.06840095669031143, 0.07379217445850372, 0.06375870853662491, 0.0693180039525032, 0.07025589048862457, 0.07279796153306961, 0.07591995596885681, 0.07604824751615524, 0.07133916020393372], "MAPE_val": [146.01937866210938, 112.17018127441406, 102.2269058227539, 106.75423431396484, 140.0330047607422, 130.19677734375, 137.4945068359375, 144.89532470703125, 113.16674041748047, 125.94986724853516, 114.5119857788086, 132.79718017578125, 134.2450714111328, 123.54158020019531, 133.29058837890625, 119.69313049316406, 137.6618194580078, 156.74595642089844, 130.80316162109375, 139.41128540039062, 122.9688720703125, 130.87962341308594]}