{"MSE_train": [0.006606694310903549, 0.00527473958209157], "MAE_train": [0.053032778203487396, 0.04633525013923645], "MAPE_train": [105.83715057373047, 89.51607513427734], "MSE_val": [0.01302057970315218, 0.010503494180738926], "MAE_val": [0.07327623665332794, 0.06231057643890381], "MAPE_val": [146.01937866210938, 112.17018127441406]}